name,list1,list2,list3,list4
財團法人濟興長青基金會,1,1,1,1
財團法人喜憨兒社會福利基金會,1,1,1,1
社團法人高雄市慈善團體聯合總會,1,1,1,1
社團法人南投縣麻煩小天使協會,1,1,1,1
社團法人台灣彩虹雙福協會,1,1,1,1
財團法人成長文教基金會,1,1,1,1
社團法人台灣愛鄰社區服務協會,1,1,1,1
財團法人育成社會福利基金會,1,1,1,1
社團法人台灣少年權益與福利促進聯盟,1,1,1,1
財團法人台灣紅絲帶基金會,1,1,1,1
社團法人世界和平會,1,1,1,1
財團法人天使心家族社會福利基金會,1,1,1,1
財團法人台北市自閉兒社會福利基金會,1,1,1,1
財團法人台灣癌症基金會,1,1,1,1
財團法人台北市失親兒福利基金會,1,1,1,1
社團法人台灣數位有聲書推展學會,1,1,1,1
財團法人伊甸社會福利基金會,1,1,1,1
財團法人台北市脊髓損傷社會福利基金會,1,1,1,1
財團法人基督教芥菜種會,1,1,1,1
財團法人台北市賽珍珠基金會,1,1,1,1
社團法人台灣黃絲帶愛網關懷協會,1,1,1,1
台灣觸愛協會,1,1,1,1
財團法人老五老基金會,1,1,1,1
財團法人瑪利亞社會福利基金會,1,1,1,1
財團法人林業生社會福利慈善事業基金會,1,1,1,1
財團法人弘道老人福利基金會,1,1,1,1
社團法人中華民國新生活社會福利發展促進會,1,1,1,1
社團法人台灣兒童少年希望協會,1,1,1,1
社團法人高雄市盲人福利協進會,1,1,1,0
高雄市燭光協會,1,1,1,0
社團法人高雄市調色板協會,1,1,1,0
社團法人中華民國海員漁民權益保護協會,1,1,1,0
社團法人高雄市天晴女性願景協會,1,1,1,0
財團法人平安社會福利慈善事業基金會,1,0,1,1
社團法人高雄市小草關懷協會,1,0,1,1
社團法人高雄市一葉蘭同心會,1,1,1,0
財團法人高雄市私立星星兒社會福利基金會,1,0,1,1
中華民國發展遲緩兒童早期療育協會,1,0,1,1
社團法人花蓮縣老人暨家庭關懷協會,1,0,1,1
社團法人嘉義市生命線協會,1,1,1,0
社團法人嘉義縣扶緣服務協會,1,1,1,0
新港文教基金會,1,1,1,0
財團法人苗栗縣私立新苗發展中心,1,0,1,1
社團法人苗栗縣愛加倍社區關懷協會,1,1,1,0
財團法人博幼社會福利基金會,1,0,1,1
財團法人南投縣私立炫寬愛心教養家園,1,1,1,0
社團法人南投縣心理衛生協進會,1,1,1,0
社團法人屏東縣躍愛全人關懷協會,1,1,1,0
財團法人癌症希望基金會,1,0,1,1
社團法人中華民國肯愛社會服務協會,1,0,1,1
財團法人台灣肯納自閉症基金會,1,0,1,1
財團法人佛教蓮花基金會,1,1,0,1
財團法人雙福社會福利慈善事業基金會,1,0,1,1
財團法人環宇國際文化教育基金會,1,0,1,1
社團法人中華民國恩友愛心協會,1,1,1,0
財團法人台北市基督教勵友中心,1,0,1,1
社團法人中華民國愛滋感染者權益促進會,1,0,1,1
社團法人中華民國乳癌病友協會,1,0,1,1
財團法人台北市婦女救援社會福利事業基金會,1,0,1,1
社團法人台北市視障者家長協會,1,0,1,1
財團法人台灣醫療改革基金會,1,0,1,1
社團法人台北市心生活協會,1,1,1,0
台北市自閉症家長協會,1,1,1,0
世界和平婦女會台灣總會,1,1,1,0
財團法人陽光社會福利基金會,1,0,1,1
財團法人中華民國自閉症基金會,1,0,1,1
財團法人人安社會福利慈善事業基金會,1,1,0,1
中華民國腦性麻痺協會,1,1,1,0
財團法人台灣國際奧比斯防盲救盲基金會,1,1,0,1
社團法人國際生命線台灣總會,1,0,1,1
社團法人台北市脊髓損傷者協會,1,1,1,0
社團法人中華小腦萎縮症病友協會,1,1,1,0
財團法人至善社會福利基金會,1,0,1,1
中華民國紅十字會總會,1,0,1,1
社團法人台灣赤子心過動症協會,1,1,1,0
社團法人中華育幼機構兒童關懷協會,1,0,1,1
社團法人台灣露德協會,1,0,1,1
財團法人台北市愛慈社會福利基金會,1,0,1,1
社團法人中華民國血友病協會,1,1,1,0
財團法人台北市敦安社會福利基金會,1,1,0,1
中華民國自閉症總會,1,1,1,0
社團法人中華民國荒野保護協會,1,0,1,1
社團法人中華安得烈慈善協會,1,1,0,1
社團法人台灣失智症協會,1,0,1,1
財團法人愛盲基金會,1,0,1,1
中華民國癌友新生命協會,1,1,1,0
財團法人介惠社會福利慈善基金會,1,0,1,1
財團法人李勝賢文教基金會,1,1,1,0
財團法人台灣省私立心德慈化教養院,1,0,1,1
社團法人台南市教育及兒童青少年發展協會,1,1,1,0
社團法人台南市婦女會,1,1,1,0
台中市基督教女青年會,1,1,1,0
社團法人台灣基地協會,1,0,1,1
財團法人台中市私立真愛社會福利慈善事業基金會,1,1,1,0
社團法人台中市生命線協會,1,1,1,0
社團法人台灣新移民協會,1,1,1,0
社團法人中華漢翔百元扶幼協會,1,1,1,0
財團法人天主教會台中教區附設台中市私立慈愛智能發展中心,1,0,1,1
社團法人台中市亞斯伯格症肯納症協進會,1,1,1,0
財團法人台灣省私立毓得社會福利基金會,1,1,1,0
社團法人台中市康復之友協會,1,1,1,0
社團法人台灣油症受害者支持協會,1,0,1,1
社團法人台灣福氣社區關懷協會,1,1,1,0
中華民國聲暉聯合會,1,0,1,1
台灣社會工作專業服務品質策進協會,1,1,1,0
社團法人中華民國失智者照顧協會,1,1,1,0
台中市親子關懷協會,1,1,1,0
社團法人台中市聾人協會,1,1,1,0
社團法人台灣之心愛護動物協會,1,1,0,1
財團法人桃園縣私立心燈啟智教養院,1,1,1,0
財團法人桃園縣私立寶貝潛能發展中心,1,0,1,1
社團法人桃園縣智障者家長協會,1,1,1,0
社團法人桃園縣社區精神復健協會,1,1,1,0
財團法人桃園縣美好社會福利基金會,1,0,1,1
社團法人桃園縣助人專業促進協會,1,0,1,1
財團法人桃園縣私立路得啟智學園,1,0,1,1
財團法人青年和平團,1,1,1,0
社團法人新北市殘障福利服務協會,1,1,1,0
社團法人台灣婦女展業協會,1,0,1,1
財團法人中華民國唐氏症基金會,1,0,1,1
財團法人勵馨社會福利事業基金會,1,0,1,1
社團法人中華溝通分析協會,1,1,1,0
社團法人新北市春陽關懷協會,1,1,1,0
社團法人中華民國瑪納有機文化生活促進會,1,0,1,1
財團法人台灣省私立台灣盲人重建院,1,0,1,1
社團法人中華民國南洋台灣姊妹會,1,1,1,0
財團法人新北市私立明新兒童發展中心,1,1,1,0
社團法人新竹市自閉症協進會,1,1,1,0
財團法人福榮融合教育推廣基金會,1,1,1,0
財團法人阿寶教育基金會,1,0,1,1
財團法人宜蘭縣私立宏仁老人長期照顧中心(養護型),1,1,1,0
財團法人慈懷社會福利基金會,1,0,1,1
社團法人雲林縣老人福利保護協會,1,1,1,0
社團法人雲林縣聽語障福利協進會,1,1,1,0
社團法人彰化縣喜樂小兒麻痺關懷協會,1,0,1,1
財團法人第一社會福利基金會,0,1,1,1
財團法人婦女新知基金會,0,1,1,1
財團法人廣青文教基金會,0,1,1,1
財團法人靖娟兒童安全文教基金會,0,1,1,1
財團法人台南市私立天主教瑞復益智中心,0,1,1,1
財團法人台中市私立甘霖社會福利慈善事業基金會,0,1,1,1
財團法人天主教光仁社會福利基金會,0,1,1,1
財團法人天主教善牧社會福利基金會,0,1,1,1
財團法人心路社會福利基金會,0,1,1,1
財團法人新竹市天主教仁愛社會福利基金會,0,1,1,1
社團法人台南市慈光身障協會,0,1,1,1
社團法人台中市開懷協會,0,1,1,1
社團法人中華民國合家歡協會,0,1,1,1
社團法人中華牧羊人青少年關懷協會,0,1,1,1
中華民國基督教女青年會協會,0,1,1,1
社團法人高雄市故事媽媽協會,1,0,1,0
社團法人高雄市心智障礙服務協進會,1,0,1,0
社團法人高雄市殘障服務協會,1,1,0,0
社團法人高雄三山脊損重建協會,1,0,1,0
社團法人高雄市關懷台灣協會,1,0,1,0
社團法人台灣愛克曼兒童及青少年體驗學習協會,1,0,1,0
社團法人高雄市第一志願服務協會,1,0,1,0
社團法人高雄市大高雄生命線協會,1,0,1,0
社團法人高雄市關懷身心障礙者就業協進會,1,1,0,0
社團法人台灣愛之希望協會,1,0,1,0
社團法人高雄市佛光腎臟關懷協會,1,0,1,0
社團法人高雄市婦女新知協會,1,0,1,0
社團法人高雄市築夢關懷協會,1,0,1,0
伊甸社會福利基金會高雄市事務所,1,0,1,0
財團法人聖功社會福利慈善基金會,1,0,1,0
社團法人高雄市慈賢慈善會,1,0,1,0
高雄市聲暉協會,1,0,1,0
高雄市基督教女青年會,1,0,1,0
財團法人天主教社會慈善福利基金會,1,0,1,0
高雄市自強創業協會,1,0,1,0
社團法人高雄市唐氏症歡喜協會,1,1,0,0
財團法人屏東縣私立基督教沐恩之家,1,0,1,0
社團法人高雄市多元家庭關愛協會,1,0,1,0
財團法人恩典文教基金會附設高雄市私立曙光教養中心,1,0,1,0
財團法人日月之光慈善事業基金會,1,0,1,0
高雄市康復之友協會,1,0,1,0
社團法人台灣脊髓肌肉萎縮症病友協會,1,1,0,0
社團法人高雄市超越巔峰關懷協會,1,0,1,0
社團法人台灣信徹蓮池功德會,1,0,1,0
社團法人中華民國普門慈幼慈善會,1,0,1,0
高雄市晚晴婦女協會,1,0,1,0
社團法人高雄市心理復健協會,1,0,0,1
社團法人高雄市惠急慈善會,1,1,0,0
財團法人高雄市私立慈聯社會福利基金會,1,0,1,0
社團法人高雄縣安心會,1,0,1,0
社團法人高雄市家庭照顧者關懷協會,1,0,1,0
高雄市女性權益促進會,1,0,1,0
社團法人高雄市聰動成長協會,1,0,1,0
社團法人高雄市街友關懷協會,1,1,0,0
社團法人高雄市失智症協會,1,0,1,0
社團法人高雄市臻愛天使兒少關懷協會,1,1,0,0
社團法人高雄市生命線協會,1,0,1,0
社團法人台灣揚善社會公益服務協會,1,1,0,0
社團法人高雄市劉大潭希望工程關懷協會,1,1,0,0
社團法人高雄市唇顎裂顱顏協會,1,0,1,0
高雄市自閉症協進會,1,0,1,0
財團法人高雄市私立博正兒童發展中心,1,0,1,0
財團法人地球公民基金會,1,0,0,1
財團法人善慧恩社會慈善基金會,1,0,1,0
財團法人吉祥臻社會福利事業基金會,1,0,1,0
財團法人高雄市林柔蘭社會福利基金會,1,0,1,0
財團法人天主教聖母無原罪方濟傳教修女會附設高雄市私立康達家園,1,0,1,0
財團法人台灣基督教門諾會附設花蓮縣私立黎明教養院,1,0,1,0
社團法人花蓮縣谷若思全人關懷協會,1,0,0,1
財團法人基督教更生團契附設花蓮縣私立信望愛少年學園,1,0,1,0
社團法人花蓮縣啄木鳥全人發展協會,1,0,1,0
財團法人花蓮縣私立博愛居安廬老人安養中心,1,0,1,0
社團法人花蓮縣牛犁社區交流協會,1,0,1,0
財團法人花蓮縣私立吉豐老人養護所,1,0,1,0
花蓮縣鄉村社區大學發展協會,1,0,1,0
財團法人台灣基督教主愛之家輔導中心,1,0,1,0
社團法人花蓮縣康復之友協會,1,0,1,0
社團法人中華優勢社會關懷協會,1,0,1,0
財團法人台灣省私立嘉義博愛仁愛之家,1,0,1,0
中華民國基督教約書亞全人關懷協會,1,0,1,0
社團法人嘉義市肢體障礙服務協會,1,0,1,0
社團法人嘉義市脊髓損傷者協會,1,0,1,0
社團法人嘉義市殘障者服務協會,1,0,1,0
嘉義縣私立大林教養院,1,0,1,0
嘉義縣脊髓損傷者協會,1,1,0,0
社團法人嘉義縣生命線協會,1,0,1,0
財團法人嘉義縣私立天主教敏道社會福利慈善事業基金會,1,0,1,0
財團法人嘉義縣私立嘉惠教養院,1,0,0,1
社團法人嘉義縣精神康扶之友協會,1,0,1,0
社團法人金門縣身心障礙者家長協會,1,0,1,0
社團法人金門縣康復之友協會,1,0,1,0
財團法人苗栗縣私立大千社會福利慈善事業基金會,1,0,1,0
財團法人苗栗縣私立海青老人養護中心,1,0,1,0
社團法人中華民國恩福會,1,0,1,0
社團法人南投縣青年返鄉服務協會,1,0,1,0
財團法人南投縣私立德安啟智教養院,1,0,1,0
財團法人台灣兒童暨家庭扶助基金會南投分事務所,1,0,1,0
南投縣生命線協會,1,0,1,0
台灣原住民族學院促進會,1,0,1,0
財團法人良顯堂社會福利基金會,1,0,1,0
社團法人南投縣康復之友協會,1,0,1,0
社團法人南投縣智障者家長協會,1,0,1,0
南投縣信義鄉布農文化協會,1,0,1,0
財團法人中華基督教衛理公會,1,0,1,0
社團法人中華萱民會,1,0,1,0
社團法人屏東縣志願服務協會,1,0,1,0
社團法人屏東縣脊髓損傷者協會,1,0,1,0
社團法人屏東縣海青青弘會,1,0,1,0
屏東縣基督教青年會,1,0,1,0
財團法人台灣省台南市天主教鮑思高慈幼會附設屏東縣私立少年城,1,0,1,0
社團法人屏東縣兒童少年關懷協會,1,0,1,0
有限責任屏東縣幸福原住民照顧服務勞動合作社,1,0,1,0
社團法人屏東縣向陽關懷協會,1,0,1,0
財團法人屏東縣私立迦南身心障礙養護院,1,0,0,1
財團法人屏東縣私立畢嘉士社會福利基金會,1,0,0,1
社團法人屏東縣自閉症協進會,1,0,1,0
社團法人屏東縣希望家園協進會,1,0,1,0
財團法人屏東縣私立福慧社會福利慈善事業基金會附設大同之家,1,1,0,0
洪建全教育文化基金會,1,0,0,1
環境品質文教基金會,1,1,0,0
財團法人OMG關懷社會愛心基金會,1,0,0,1
國際社會福利協會中華民國總會,1,0,1,0
台北市康復之友協會,1,0,1,0
中華民國類風濕性關節炎之友協會,1,0,1,0
中華民國無喉者復聲協會,1,0,1,0
中華骨髓移植關懷協會,1,0,1,0
財團法人中華民國婦聯聽障文教基金會,1,0,1,0
財團法人台北市私立愛愛院,1,0,1,0
中華民國新女性聯合會,1,0,1,0
中華社會福利聯合勸募協會,1,0,1,0
台北市學習障礙者家長協會,1,0,1,0
財團法人天主教耶穌會台北新事社會服務中心,1,0,1,0
台北市社會福利聯盟,1,0,1,0
社團法人中華白絲帶關懷協會,1,0,1,0
中華民國梅門一氣流行養生學會,1,1,0,0
社團法人中華民國新人類把愛傳出去協會,1,1,0,0
中華民國小胖威利病友關懷協會,1,1,0,0
中華民國紅十字會台灣省分會,1,0,1,0
台北市愛網全人關懷協會,1,0,1,0
台北市大同兒童發展中心,1,0,1,0
中華民國愛加倍社會福利關懷協會,1,0,0,1
中華民國社區重聽福利協會,1,0,1,0
財團法人中華基金會,1,1,0,0
中華心理衛生協會,1,0,1,0
台北市私立慧光老人養護所,1,1,0,0
財團法人「張老師」基金會台北分事務所,1,0,1,0
社團法人台灣癲癇之友協會,1,0,1,0
中華民國唐氏症關愛者協會,1,0,1,0
財團法人基督教宇宙光全人關懷機構,1,0,1,0
財團法人台北市基督徒救世會社會福利事業基金會,1,0,1,0
中華民國智障者家長總會,1,0,1,0
財團法人呂旭立紀念文教基金會,1,0,1,0
社團法人公民監督國會聯盟,1,0,0,1
財團法人天主教康泰醫療教育基金會,1,0,1,0
現代婦女基金會,1,1,0,0
台灣展翅協會,1,0,1,0
財團法人公益平台文化基金會,1,1,0,0
財團法人昭華教育基金會,1,1,0,0
財團法人羅慧夫顱顏基金會,1,0,0,1
中華民國更生少年關懷協會,1,0,1,0
彭婉如文教基金會,1,0,1,0
中華民國發展遲緩兒童基金會,1,0,0,1
中華民國發展遲緩兒童家長支援協會,1,0,1,0
中華民國醫務社會工作協會,1,0,1,0
台北市博愛發展中心,1,0,1,0
財團法人台北市私立仁愛頤養園,1,0,1,0
台北基督教女青年會,1,0,1,0
新品文具庇護工場,1,1,0,0
社團法人中華民國聽障人協會,1,0,1,0
中華民國台灣泰迪熊協會,1,1,0,0
財團法人天主教白永恩神父社會福利基金會,1,0,0,1
財團法人華山社會福利慈善事業基金會,1,0,0,1
財團法人台北市私立康狀老人養護所,1,0,1,0
財團法人台北市私立松年長春服務中心,1,0,1,0
台灣心理衛生社會工作學會,1,0,1,0
社團法人中華民國視障者家長協會,1,0,1,0
安麗希望工場慈善基金會,1,1,0,0
中華民國關懷魚鱗癬症協會,1,0,1,0
社團法人中華履行公益服務協會,1,1,0,0
台北市鵬程啟能中心,1,0,1,0
財團法人聖島社會福利慈善基金會,1,0,0,1
台北市城中發展中心,1,0,1,0
台北市身心障礙服務推展協會,1,1,0,0
中華民國觀護協會,1,0,1,0
社團法人台灣芒草心慈善協會,1,0,1,0
社團法人台灣社區實踐協會,1,0,1,0
社團法人台灣環境資訊協會,1,0,0,1
財團法人伊甸社會福利基金會辦理台北市萬芳啟能中心,1,0,1,0
社團法人台灣性別平等教育協會,1,0,1,0
台北市女性權益促進會,1,0,1,0
財團法人台灣關愛基金會,1,0,0,1
社團法人台灣關愛之家協會,1,0,1,0
社團法人中華視障路跑運動協會,1,1,0,0
社團法人中華民國軟骨發育不全症病友關懷協會,1,0,1,0
社團法人台灣弱勢病患權益促進會,1,0,1,0
中華民國家庭照顧者關懷總會,1,0,1,0
社團法人中華社區厝邊頭尾營造協會,1,1,0,0
社團法人台灣優質生命協會,1,0,1,0
中華單親家庭互助協會,1,0,1,0
中華民國老人福利推動聯盟,1,0,1,0
財團法人天下雜誌教育基金會,1,0,1,0
台北市社區銀髮族服務協會,1,0,1,0
社團法人台灣人權促進會,1,0,1,0
財團法人台北市私立雙連視障關懷基金會,1,1,0,0
台北市一葉蘭喪偶家庭成長協會,1,0,1,0
台灣海洋性貧血協會,1,0,1,0
財團法人崇友文教基金會,1,1,0,0
社團法人台灣破冰專業服務協會,1,0,1,0
社團法人台北市歐伊寇斯OIKOS社區關懷協會,1,0,1,0
財團法人乳癌防治基金會,1,0,0,1
社團法人台灣新住民家庭成長協會,1,0,1,0
社團法人台灣結節硬化症協會,1,0,1,0
中華救助總會,1,0,0,1
社團法人台灣伴侶權益推動聯盟,1,0,1,0
財團法人金車教育基金會,1,0,0,1
財團法人精神健康基金會,1,1,0,0
台灣新住民協會,1,1,0,0
願景青年行動網協會,1,1,0,0
財團法人中華電信基金會,1,0,0,1
社團法人台灣數位文化協會,1,0,1,0
台北市聽障者聲暉協會,1,0,1,0
財團法人金花教育基金會,1,0,0,1
人禾環境倫理發展基金會,1,1,0,0
財團法人蒲公英希望基金會,1,0,0,1
台北市婦女新知協會,1,0,1,0
中華民國紅心字會,1,0,1,0
中華民國社區營造學會,1,0,1,0
台北縣政府委託財團法人天主教耕莘醫院辦理台北縣愛維養護中心,1,0,1,0
社團法人中華樂扶社會服務協會,1,0,0,1
財團法人天主教福利會,1,0,1,0
中華民國海洋運動推廣協會,1,1,0,0
財團法人理周教育基金會,1,1,0,0
財團法人鼓岩世界教育基金會,1,0,1,0
財團法人基督教芥菜種會附設台北縣私立愛心育幼院,1,0,1,0
台東縣天主教愛德婦女協會,1,0,1,0
社團法人台東縣失智者關懷協會,1,0,1,0
財團法人天主教會花蓮教區附設救星教養院,1,0,1,0
台東縣蘭嶼鄉居家關懷協會,1,0,1,0
社團法人台灣安心家庭關懷協會,1,0,1,0
台南市循理疼厝邊服務協會,1,0,1,0
社團法人中華民國道德重整協會,1,0,1,0
社團法人中華民國圓夢傳愛關懷協會,1,1,0,0
社團法人台南市腦性麻痺之友協會,1,0,1,0
社團法人台南市康復之友協會,1,0,1,0
社團法人台灣國際青年文化交流協會,1,1,0,0
社團法人台南市理想家庭促進協會,1,1,0,0
社團法人台南市癲癇之友協會,1,0,1,0
台南市基督教女青年會,1,0,1,0
社團法人台南市好厝邊全人關懷協會,1,0,1,0
社團法人台南市以琳之家關懷協會,1,0,1,0
社團法人台南市牧德關懷協會,1,0,1,0
財團法人台灣省私立鴻佳啟能庇護中心,1,1,0,0
財團法人台南市私立蓮心園社會福利慈善事業基金會,1,0,1,0
社團法人台灣橄欖園關懷協會,1,1,0,0
社團法人中華民國向陽關懷協會,1,0,0,1
社團法人台南市新世代社會福利關懷協會,1,0,1,0
社團法人台南市酵母社會關懷協進會,1,0,1,0
社團法人台南市善牧全人關懷協會,1,0,1,0
社團法人台南市婦女兒童安全保護協會,1,0,1,0
財團法人台南市私立林澄輝社會福利慈善事業基金會,1,0,1,0
財團法人台南縣私立菩提林教養院,1,0,1,0
台南縣志願服務協會,1,0,1,0
中華民國義務役傷殘官兵協會,1,1,0,0
財團法人台南市私立噶瑪噶居蔣揚社會福利慈善事業基金會,1,0,1,0
財團法人台中市私立長生老人長期照護中心,1,0,1,0
中華傳愛社區服務協會,1,0,1,0
社團法人中華民國婦幼關懷成長協會,1,0,1,0
社團法人台中市保母協會,1,0,1,0
台中市台中故事協會,1,1,0,0
財團法人水源地文教基金會,1,0,1,0
財團法人光鹽文教基金會,1,0,1,0
財團法人全成社會福利基金會,1,0,1,0
財團法人台灣省私立永信社會福利基金會,1,0,0,1
社團法人台中市東區東信社區發展協會,1,0,1,0
社團法人台灣盲人福利協進會全國總會,1,0,1,0
財團法人中華基督教福音信義傳道會,1,0,1,0
中華普露功德會,1,0,1,0
中華民國幸福家庭促進協會,1,0,1,0
社團法人原住民深耕德瑪汶協會,1,0,1,0
網銀基金會,1,1,0,0
社團法人台中市自閉症教育協進會,1,0,1,0
社團法人中華德人多元家庭教育發展協會,1,0,0,1
財團法人台中市私立弘毓社會福利基金會,1,0,0,1
財團法人劉曜瑋青年國際志工基金會,1,1,0,0
社團法人台灣省社區關懷協會,1,0,1,0
社團法人台灣亞洲動物福利協會,1,1,0,0
財團法人台灣省私立向上社會福利基金會,1,0,1,0
社團法人台中市基督教青年會,1,0,1,0
社團法人台中市學習動力協會,1,0,1,0
財團法人台灣兒童暨家庭扶助基金會附設台中市私立家扶發展學園,1,0,1,0
財團法人台中市私立龍眼林社會福利慈善事業基金會,1,0,1,0
財團法人樹和教育基金會,1,1,0,0
社團法人台中市智障者家長協會,1,0,1,0
社團法人台灣省兒童少年成長協會,1,0,1,0
財團法人陽光社會福利基金會附設中區服務中心,1,0,1,0
中華非營利組織發展協會,1,1,0,0
台中縣東勢鎮兒童少年福利協會,1,0,1,0
台中縣東勢鎮愛鄉協進會,1,0,1,0
台中市世界聯合保護動物協會,1,1,0,0
社團法人中華民國篤仁慈善關懷協會,1,1,0,0
社團法人桃園縣聲暉協進會,1,0,1,0
財團法人桃園縣私立康福智能發展中心,1,0,0,1
財團法人台灣省私立啟智技藝訓練中心,1,0,1,0
社團法人中華民國晴天社會福利協會,1,0,1,0
社團法人桃園市失智症關懷協會,1,1,0,0
社團法人桃園縣視障輔導協會,1,0,1,0
財團法人台灣省天主教會新竹教區附設桃園縣私立天使發展中心,1,0,1,0
財團法人桃園縣私立菩提之家,1,0,0,1
財團法人桃園縣樹仁基金會附設桃園教養院,1,1,0,0
財團法人桃園縣真善美社會福利基金會,1,0,0,1
社團法人台灣全球兒童少年援助會,1,1,0,0
財團法人新北市私立樂山園社會福利慈善事業基金會附設樂山教養院,1,0,0,1
社團法人台灣泡泡龍病友協會,1,0,1,0
社團法人新北市身心障礙者福利促進協會,1,0,1,0
青年社會服務協會,1,1,0,0
社團法人中華兒童與家庭促進協會,1,0,1,0
台灣樂業協會,1,0,1,0
財團法人中華啟能基金會附設春暉啟能中心,1,0,1,0
社團法人台灣微客公益行動協會,1,1,0,0
台灣國際家庭互助協會,1,0,1,0
新北市自閉症服務協進會,1,0,1,0
財團法人天主教主顧修女會,1,0,1,0
財團法人淨化社會文教基金會,1,0,1,0
社團法人中華民國照顧服務員專業發展協會,1,1,0,0
社團法人中華科技輔具協會,1,0,1,0
財團法人利伯他茲教育基金會,1,0,1,0
財團法人中嶺山內心教育基金會,1,1,0,0
社團法人新北市光點兒童重症扶助協會,1,1,0,0
新北市原住民婦女服務協會,1,0,1,0
台灣彩虹愛家生命教育協會,1,0,1,0
中華基督教救助協會,1,0,1,0
新北市家庭照顧者關懷協會,1,0,1,0
中華曙光慈愛協會,1,1,0,0
財團法人新北市大樹社會福利基金會,1,1,0,0
財團法人天主教耶穌會新竹社會服務中心,1,0,1,0
社團法人新竹市精神健康協會,1,0,1,0
社團法人新竹市智障福利協進會,1,0,1,0
財團法人台灣省天主教會新竹教區附設德蘭兒童中心,1,0,1,0
財團法人私立天主教華光智能發展中心,1,0,1,0
台灣省寧園安養院,1,0,1,0
彰化縣秀水鄉馬興社區發展協會,1,0,1,0
社團法人宜蘭縣康復之友協會,1,0,1,0
社團法人宜蘭縣得安家庭關懷協會,1,0,1,0
財團法人宜蘭縣私立慕光盲人重建中心,1,0,1,0
財團法人宜蘭縣私立竹安身心障礙養護院,1,0,1,0
財團法人宜蘭縣私立竹林養護院,1,0,1,0
財團法人宜蘭縣私立蘭馨婦幼中心,1,0,1,0
宜蘭縣領袖發展協會,1,1,0,0
社團法人雲林縣復健青年協進會,1,0,1,0
雲林縣婦女保護會,1,0,1,0
社團法人雲林縣老人長期照護協會,1,0,1,0
清翔舞蹈研究社,1,1,0,0
財團法人雲林縣雲萱基金會,1,0,1,0
社團法人雲林縣視障重建福利協進會,1,0,1,0
社團法人雲林縣社會關懷協會,1,0,1,0
雲林縣百日草希望家庭協會,1,1,0,0
社團法人雲林縣聲暉協進會,1,0,1,0
社團法人雲林縣虎尾殘障福利協會,1,0,1,0
雲林縣貓兒干文史協會,1,1,0,0
社團法人雲林縣台西身心障礙者福利協會,1,0,1,0
社團法人彰化縣自閉症肯納家長協會,1,0,1,0
財團法人彰化縣私立秀和慈善事業基金會,1,0,0,1
財團法人彰化縣私立慈生仁愛院,1,0,1,0
社團法人彰化縣脊髓損傷重建協會,1,0,1,0
財團法人天主教會台中教區附設彰化縣私立聖智啟智中心,1,0,1,0
社團法人彰化縣秀水鄉雅興社區發展協會,1,0,1,0
社團法人彰化縣愛加倍社區服務協會,1,0,1,0
財團法人愛家文化事業基金會,0,1,0,1
財團法人慈興文教基金會,0,1,1,0
財團法人礦工兒子教育基金會,0,1,0,1
財團法人十方啟智文教基金會附設十方啟能中心,0,1,1,0
財團法人臺北市華書慈善基金會,0,1,0,1
財團法人臺北市松陽社會福利事業基金會,0,1,1,0
財團法人桃園市私立仁友愛心家園,0,1,0,1
財團法人天主教會台中教區附設南投縣私立復活啟智中心,0,1,1,0
財團法人宜蘭縣私立天主教弘道仁愛之家,0,1,1,0
財團法人彰化縣私立青山社會福利慈善事業基金會,0,1,1,0
財團法人忠義社會福利事業基金會,0,1,1,0
高雄市音樂養生慈善公益協會,0,1,1,0
社團法人高雄市彩色頁女性願景協會,0,1,1,0
社團法人高雄市脊髓損傷者協會,0,1,1,0
社團法人高雄市亞鐳慈善會,0,1,1,0
社團法人高雄市注意力缺陷過動症協會,0,1,1,0
社團法人基隆市智障者家長協會,0,1,1,0
社團法人苗栗縣身心障礙福利協進會,0,1,1,0
社團法人苗栗縣自閉症協進會,0,1,1,0
社團法人南投縣基督教青年會,0,1,1,0
社團法人南投縣聾啞福利協進會,0,1,1,0
社團法人屏東縣向陽啟能協會,0,1,1,0
社團法人屏東縣原住民全人關懷促進協會,0,1,1,0
社團法人台北市恩加貧困家庭協會,0,1,1,0
社團法人台灣同志諮詢熱線協會,0,1,1,0
社團法人台灣應用行為分析協會,0,1,1,0
社團法人台中市慈善撒瑪黎雅婦女關懷協會,0,1,1,0
社團法人台中市脊髓損傷者協會,0,1,1,0
社團法人台中市晚晴婦女協會,0,1,1,0
社團法人臺南市以琳之家關懷協會,0,1,0,1
社團法人臺灣圓愛全人關懷協會,0,1,1,0
社團法人臺中市山海屯啟智協會,0,1,1,0
社團法人新北市視障協會,0,1,1,0
社團法人新北市智障者家長協會,0,1,1,0
社團法人宜蘭縣生命線協會,0,1,1,0
社團法人宜蘭縣智障者權益促進會,0,1,1,0
社團法人雲林縣盲人褔利協進會,0,1,1,0
社團法人彰化縣聾人協會,0,1,1,0
社團法人中華好家庭關懷協會,0,1,1,0
社團法人中華民國更生少年關懷協會,0,1,0,1
社團法人中華民國紅心字會,0,1,0,1
社團法人中華民國貓頭鷹親子教育協會,0,1,1,0
社團法人中華民國雲水蘭若文教協會,0,1,1,0
台中市山海屯聲暉協進會,0,1,1,0
中華民國紅十字會新高雄分會,0,1,1,0
財團法人罕見疾病基金會,0,0,1,1
財團法人蘭智社會福利基金會,0,0,1,1
財團法人門諾社會福利慈善事業基金會,0,0,1,1
財團法人苗栗縣私立幼安教養院,0,0,1,1
財團法人屏東基督教勝利之家,0,0,1,1
財團法人普仁青年關懷基金會,0,0,1,1
財團法人私立天主教中華聖母社會福利慈善事業基金會,0,0,1,1
財團法人台灣痲瘋救濟基金會,0,0,1,1
財團法人台中市私立康善社會福利慈善事業基金會,0,0,1,1
財團法人台中市私立張秀菊社會福利慈善事業基金會,0,0,1,1
財團法人臺南市私立天主教美善社會福利基金會,0,0,1,1
財團法人臺中市私立信望愛智能發展中心,0,0,1,1
財團法人桃園縣私立脊髓損傷潛能發展中心,0,0,1,1
財團法人桃園縣私立真善美啟能發展中心,0,0,1,1
財團法人天主教失智老人社會福利基金會,0,0,1,1
財團法人現代婦女教育基金會,0,0,1,1
財團法人新竹市私立天主教仁愛啟智中心,0,0,1,1
財團法人雅文兒童聽語文教基金會,0,0,1,1
財團法人一粒麥子社會福利慈善事業基金會,0,0,1,1
財團法人愚人之友社會福利慈善事業基金會,0,0,1,1
財團法人中華民國兒童福利聯盟文教基金會,0,0,1,1
財團法人中華民國兒童燙傷基金會,0,0,1,1
社團法人恩物社會服務推廣協會,0,0,1,1
社團法人高雄市身心障礙團體聯合總會,0,0,1,1
社團法人嘉義縣身心障礙者聯合會,0,0,1,1
社團法人苗栗縣生命線協會,0,0,1,1
社團法人台北市八頭里仁協會,0,0,1,1
社團法人台灣彩虹原住民關懷協會,0,0,1,1
社團法人台灣防暴聯盟,0,0,1,1
社團法人彰化縣基督教青年會,0,0,1,1
社團法人中華民國得勝者教育協會,0,0,1,1
社團法人中華民國肌萎縮症病友協會,0,0,1,1
社團法人中華民國器官捐贈協會,0,0,1,1
社團法人中華民國生活調適愛心會,0,0,1,1
社團法人中華青少年純潔運動協會,0,0,1,1
人權學堂,1,0,0,0
高雄市私立淨覺社會福利基金會,1,0,0,0
財團法人台南市私立荷園社會福利慈善事業基金會,1,0,0,0
高雄市數學讀書會(原高雄縣阿蓮鄉數學讀書會),1,0,0,0
財團法人三發教育基金會,1,0,0,0
火鳳凰文教基金會,1,0,0,0
高雄縣私立永安養護中心,1,0,0,0
財團法人高雄縣私立張簡秋風社會福利慈善事業基金會,1,0,0,0
高雄市立凱旋醫院附設大寮養護中心,1,0,0,0
財團法人高雄市私立永安兒童之家,1,0,0,0
財團法人高雄市私立永安老人養護中心,1,0,0,0
財團法人高雄市私立安安家園,1,0,0,0
社團法人台灣鯤志關懷協進會,1,0,0,0
社團法人高雄市原住民婦女成長協會,1,0,0,0
佛光山文教基金會,1,0,0,0
財團法人農友社會福利基金會,1,0,0,0
社團法人高雄市天祥宇宙聖道會,1,0,0,0
有限責任高雄市安祥照顧服務勞動合作社,1,0,0,0
社團法人高雄市源生慈善會,1,0,0,0
天主教聖母無原罪方濟傳教修女會,1,0,0,0
高雄市社福慈善團體聯合會,1,0,0,0
鳳山公共托嬰中心暨育兒資源中心,1,0,0,0
中華民國紅十字會台灣省高雄縣支會,1,0,0,0
高雄縣老人公寓,1,0,0,0
財團法人高雄市私立紅十字會育幼中心慈暉園,1,0,0,0
社團法人高雄市勞動生活教育促進會,1,0,0,0
伊甸社會福利基金會高雄縣職業重建中心,1,0,0,0
財團法人高雄市郭吳麗珠社會福利慈善事業基金會,1,0,0,0
高雄縣生命義工協會,1,0,0,0
社團法人高雄市第一褓姆協會,1,0,0,0
高雄縣灼燙傷協會,1,0,0,0
有限責任高雄市協和照顧服務勞動合作社,1,0,0,0
財團法人伊甸社會福利基金會附設溫馨家園,1,0,0,0
社團法人中華民國青年社會服務推展協會,1,0,0,0
高雄縣兒童發展療育協會,1,0,0,0
佛明社區復健中心,1,0,0,0
社團法人高雄市聾人協會,1,0,0,0
高雄市青少年關懷協會,1,0,0,0
南區環保科技園區 綠環境館,1,0,0,0
社團法人高雄市樂齡照顧關懷協會,1,0,0,0
高雄市岡山身心障礙福利服務中心,1,0,0,0
高雄市岡山公共托嬰中心及育兒資源中心,1,0,0,0
社團法人高雄三山脊損重建協會經營管理高雄市髓喜家園,1,0,0,0
社團法人台灣惠安慈善會,1,0,0,0
中華民國牧愛生命協會,1,0,0,0
高雄市私立紅十字會育幼中心,1,0,0,0
高雄市飛雁創業協會,1,0,0,0
百世教育基金會,1,0,0,0
伊甸社會福利基金會南區服務處,1,0,0,0
伊甸社會福利基金會高雄市職業重建中心,1,0,0,0
台灣正念學學會,1,0,0,0
高雄市天主教加大博愛協會,1,0,0,0
社團法人高雄市忘憂草憂鬱防治協會,1,0,0,0
休休文教基金會,1,0,0,0
社團法人高雄市林園魔法屋愛鄉協會,1,0,0,0
高雄市文化教育讀書會,1,0,0,0
陽光社會福利基金會南區服務中心,1,0,0,0
高雄市志願服務協會,1,0,0,0
兒童福利聯盟文教基金會南區辦事處,1,0,0,0
中山管理教育基金會,1,0,0,0
高雄基督教信義醫院附設高雄市私立方舟養護之家,1,0,0,0
台灣世界展望會南區辦事處,1,0,0,0
社團法人中華民國坤志慈善會,1,0,0,0
高雄市自殺防治中心,1,0,0,0
財團法人鹿野苑慈善事業基金會,1,0,0,0
高雄市濃德看護慈善協會,1,0,0,0
新立護理之家,1,0,0,0
台灣國際教育資源網學會,1,0,0,0
社團法人台灣南方社會力聯盟,1,0,0,0
亞太公共事務論壇文教基金會,1,0,0,0
高雄市啟智協進會,1,0,0,0
高雄市身心障礙團體聯合總會,1,0,0,0
社團法人高雄市多重殘障協會,1,0,0,0
社團法人高雄市社會工作師公會,1,0,0,0
高雄市私立聖淵啟仁中心,1,0,0,0
高雄市心手相連關懷協會,1,0,0,0
社團法人台灣青少年性別文教會,1,0,0,0
救國團高雄市諮商輔導中心-「張老師」,1,0,0,0
財團法人高雄市三洋維士比集團教育基金會,1,0,0,0
中華民國唐氏症關愛者協會南區區會,1,0,0,0
高雄市正信佛教青年會附設觀音線協談中心,1,0,0,0
高雄市文化愛河協會,1,0,0,0
台灣幸福生活發展促進協會,1,0,0,0
社團法人高雄市小鄉社造志業聯盟,1,0,0,0
財團法人高雄市私立基督教山地育幼院,1,0,0,0
高雄市私立聖和老人長期照顧中心（養護型）,1,0,0,0
有限責任高雄縣日新照顧服務勞動合作社,1,0,0,0
社團法人高雄縣憨兒就業輔導協會,1,0,0,0
高雄市私立日新老人長期照顧中心(養護型),1,0,0,0
高雄市視而不見關懷協會,1,0,0,0
高雄市基督教哈利路亞生命關懷協會,1,0,0,0
台灣鑄造學會,1,0,0,0
財團法人高雄市私立濟眾老人養護中心,1,0,0,0
藍約翰文教基金會,1,0,0,0
健仁醫院(楠梓區社區健康營造中心),1,0,0,0
財團法人正德文教傳播基金會,1,0,0,0
高雄長庚紀念醫院社會服務課,1,0,0,0
社團法人高雄市弱勢家庭之友慈善協會,1,0,0,0
高雄縣脊髓損傷者協會,1,0,0,0
社團法人桃園縣單親家庭保護協會,1,0,0,0
紫竹林康復之家,1,0,0,0
財團法人伊甸社會福利基金會(高雄市旗山區兒童早期療育發展中心),1,0,0,0
行政院衛生署旗山醫院,1,0,0,0
獎卿護理展望基金會護理之家,1,0,0,0
佛光山慈悲社會福利基金會,1,0,0,0
台灣青年知識網路學會,1,0,0,0
行政院勞委會職訓局高雄區就業服務中心,1,0,0,0
社團法人高雄市基督教家庭服務協會,1,0,0,0
愛苗職涯動力整合協會,1,0,0,0
高雄市政府勞工局身心障礙者就業開發中心,1,0,0,0
財團法人犯罪被害人保護協會台灣高雄分會,1,0,0,0
高雄市服務與學習發展協會,1,0,0,0
華人艾瑞克森催眠治療學會,1,0,0,0
社團法人高雄市芬多精身心障礙關懷保護協會,1,0,0,0
行政院勞工委員會職業訓練局南區職業訓練中心,1,0,0,0
高雄市啟明協會,1,0,0,0
社團法人高雄市音律活化健康協會,1,0,0,0
辜金良文化基金會,1,0,0,0
佳欣婦幼醫院,1,0,0,0
中華民國社會服務協會,1,0,0,0
高雄市正薪關懷家庭協會,1,0,0,0
社團法人台灣希望之芽協會,1,0,0,0
社團法人高雄市新住民互助發展協會,1,0,0,0
高雄市關懷魚鱗癬協會,1,0,0,0
社團法人中華民國中小企業人力資源多元技能發展協會,1,0,0,0
財團法人八卦寮文教基金會,1,0,0,0
社團法人台灣凝愛關懷弱勢協會,1,0,0,0
高雄市立民生醫院,1,0,0,0
財團法人高雄市私立小天使家園,1,0,0,0
社團法人高雄市長期照顧專業協會,1,0,0,0
社團法人高雄市古嚴普濟會,1,0,0,0
高雄市仁武慈暉志願協會,1,0,0,0
高雄市仁武公共托嬰中心及育兒資源中心,1,0,0,0
社團法人高雄市兒童發展協會,1,0,0,0
高雄市和平大使協會,1,0,0,0
財團法人心路社會福利基金會-高雄分會,1,0,0,0
社團法人高雄市夢想城市發展協會,1,0,0,0
社團法人高雄市啟聰協進會,1,0,0,0
社團法人台灣弱勢希望協進會,1,0,0,0
高雄市崇文文教關懷協會,1,0,0,0
財團法人和春文教基金會,1,0,0,0
高雄市三民區正興社區發展協會,1,0,0,0
台灣世界青年志工協會,1,0,0,0
高雄市腦性麻痺服務協會,1,0,0,0
高雄市同愛社會福利關懷協會,1,0,0,0
社團法人中華新時代家園關懷協會,1,0,0,0
高雄市政府社會局婦女館女性圖書史料室,1,0,0,0
中華民國肌萎縮症病友協會,1,0,0,0
高雄市金齡協會,1,0,0,0
高雄市政府社會局婦女館,1,0,0,0
高雄市視障關懷發展協會,1,0,0,0
海外義工信息交流中心,1,0,0,0
財團法人高雄市私立典寶社會福利慈善事業基金會,1,0,0,0
文藻外語學院,1,0,0,0
社團法人高雄長期照顧人員福利促進協會,1,0,0,0
敬典文教基金會,1,0,0,0
高雄市福心經典教育協會,1,0,0,0
高雄市社區大學促進會,1,0,0,0
社團法人中華民國自殺防治協會,1,0,0,0
社團法人高雄市資訊培育協會,1,0,0,0
社團法人高雄市臨床心理師公會,1,0,0,0
高雄市長春老人關懷服務協會,1,0,0,0
高雄市佛教淨覺育幼院,1,0,0,0
台灣基督長老教會殘障關懷中心,1,0,0,0
社團法人高雄市鳳林觀音慈愛會,1,0,0,0
高雄市輔育人員職業工會,1,0,0,0
私立呈泰日間型精神復健機構,1,0,0,0
財團法人高雄市私立樂仁啟智中心,1,0,0,0
財團法人吳麥文教基金會,1,0,0,0
高雄市小港公共托育中心及育兒資源中心,1,0,0,0
公設民營高雄市大同社區照顧中心,1,0,0,0
高雄市彩色頁女性願景協會,1,0,0,0
台灣環保資源回收協會,1,0,0,0
社團法人台灣來去華語協會,1,0,0,0
高雄市注意力缺陷過動症協會,1,0,0,0
社團法人高雄市單親家庭互助協會,1,0,0,0
財團法人佛教慈恩育幼基金會,1,0,0,0
財團法人高雄市張啟華文化藝術基金會,1,0,0,0
高雄市社工人員協會,1,0,0,0
社團法人高雄縣幸福促進協會,1,0,0,0
社團法人高雄市善護關愛協會,1,0,0,0
高雄市佛臨濟助會,1,0,0,0
中華體驗學習發展協會,1,0,0,0
社團法人台灣性學會,1,0,0,0
義大醫療財團法人義大醫院社會服務課,1,0,0,0
財團法人高雄市私立慈德育幼院,1,0,0,0
台灣永續發展文教基金會,1,0,0,0
高雄市基督教青年會(YMCA),1,0,0,0
高雄市永安區公所委託財團法人高雄市私立聖和社會福利慈善基金會經營管理真善美養護家園,1,0,0,0
財團法人社會福利基金會,1,0,0,0
博正護理之家,1,0,0,0
高雄市私立康達家園,1,0,0,0
社團法人台灣群力權能發展協會,1,0,0,0
台灣志願服務國際交流協會,1,0,0,0
高雄市金融教育協會,1,0,0,0
財團法人高雄市私立愛森兒童發展中心,1,0,0,0
高雄市螢火蟲兒童服務育樂協會,1,0,0,0
高雄市悟善慈心協會,1,0,0,0
高雄市亞鐳慈善會,1,0,0,0
國軍左營總醫院,1,0,0,0
中外餅舖庇護工場,1,0,0,0
財團法人新時代賽斯教育基金會-高雄分會,1,0,0,0
財團法人雙福社會福利慈善事業基金會北高雄辦事處,1,0,0,0
高雄市舊城文化協會,1,0,0,0
財團法人千佛山慈善基金會,1,0,0,0
高雄市學習障礙教育協進會,1,0,0,0
社團法人高雄市社區照護服務關懷協會,1,0,0,0
有限責任高雄市育成照顧服務勞動合作社,1,0,0,0
社團法人高雄市鳳凰藝術發展協會,1,0,0,0
高雄市左營實踐公共托嬰中心及育兒資源中心,1,0,0,0
霐漟社會福利慈善事業基金會,1,0,0,0
永新老人養護中心,1,0,0,0
高雄縣靈雲功德會,1,0,0,0
財團法人愛心老人養護中心,1,0,0,0
台灣青少年與家庭輔導協會,1,0,0,0
高雄縣救難協會,1,0,0,0
月娥社區復健中心,1,0,0,0
高雄縣社區營造協會,1,0,0,0
靜和醫院燕巢分院,1,0,0,0
社團法人花蓮縣肢體傷殘福利協進會,1,0,0,0
花蓮縣政府社會處,1,0,0,0
中華民國救世慈善協會,1,0,0,0
花蓮縣青少年公益組織協會,1,0,0,0
台灣基督教門諾會醫療財團法人,1,0,0,0
財團法人基督教花蓮美崙浸信會附設花蓮縣私立飛揚少年成長中心,1,0,0,0
花蓮縣智障福利協進會,1,0,0,0
財團法人門諾社會服務慈善事業基金會,1,0,0,0
基督教門諾會花蓮善牧中心,1,0,0,0
黑潮海洋文教基金會,1,0,0,0
花蓮縣花蓮文化協會,1,0,0,0
佛教慈濟慈善事業基金會,1,0,0,0
財團法人愛心第二春文教基金會花蓮分事務所,1,0,0,0
台灣生命自救協會,1,0,0,0
財團法人基督教芥菜種會附設花蓮縣私立少年之家,1,0,0,0
花蓮縣社區大學文教基金會,1,0,0,0
社團法人中華民國無犯罪促進會,1,0,0,0
花蓮縣原住民族產業整合暨社會服務協會,1,0,0,0
中華民國新生活教育推廣協會,1,0,0,0
中華基督教總會附設花蓮縣私立長榮養護院,1,0,0,0
花蓮縣天心慈善關懷協會,1,0,0,0
社團法人花蓮縣兒童暨家庭關懷協會(兒家協會),1,0,0,0
新芽社會福利產業促進發展協會,1,0,0,0
中華民國慈恩慈善會,1,0,0,0
花蓮縣生態文化休閒創意產業永續發展協會,1,0,0,0
中華民國優格文化教育推廣學會,1,0,0,0
花蓮縣立化仁國民中學水璉分校,1,0,0,0
花蓮縣水璉國中,1,0,0,0
財團法人基督教芥菜種會附設花蓮縣私立主牧安養中心,1,0,0,0
花蓮縣大比大家庭關懷協會,1,0,0,0
花蓮縣私立聲遠老人養護之家,1,0,0,0
財團法人佛教私立禪光育幼院,1,0,0,0
花蓮縣秀林鄉布拉旦社區發展協會,1,0,0,0
財團法人中華基督長老會山宣總會附設花蓮縣私立原住民少年兒童之家,1,0,0,0
玉里榮民醫院(社工室),1,0,0,0
社團法人基隆市志願服務協會,1,0,0,0
基隆市生命線協會,1,0,0,0
基隆市政府學生輔導諮商中心,1,0,0,0
基隆市腎友協會,1,0,0,0
基隆恆安老人養護中心,1,0,0,0
伊甸基隆市身心障礙福利服務中心,1,0,0,0
基隆市身心障礙福利服務中心,1,0,0,0
大光兒少之家,1,0,0,0
基隆市私立基督教信心社會福利慈善事業基金會,1,0,0,0
基隆長庚醫院社服組,1,0,0,0
基隆市私立博愛仁愛之家,1,0,0,0
基隆市七礙聯盟協會,1,0,0,0
財團法人「張老師」基金會基隆「張老師」中心,1,0,0,0
基隆市自閉症家長協會,1,0,0,0
基隆市智障者家長協會,1,0,0,0
財團法人台灣聖公會基隆聖三一堂,1,0,0,0
財團法人犯罪被害人保護協會台灣基隆分會,1,0,0,0
基隆基督教青年會,1,0,0,0
基隆市肢體新生協會,1,0,0,0
財團法人嘉義市私立保康社會福利慈善事業基金會,1,0,0,0
財團法人天主教聖馬爾定醫院,1,0,0,0
財團法人台灣省私立嘉義仁愛之家,1,0,0,0
嘉義市政府社會處,1,0,0,0
嘉義市腦性痲痺協會,1,0,0,0
財團法人伊甸社會福利基金會嘉義社區發展中心,1,0,0,0
嘉義市私立晨光智能發展中心,1,0,0,0
財團法人台灣更生保護會嘉義分會,1,0,0,0
嘉義市智障福利協進會,1,0,0,0
天主教中華聖母社會福利慈善事業基金會,1,0,0,0
嘉義市家庭教育中心,1,0,0,0
嘉義縣若竹文教基金會,1,0,0,0
伊甸社會福利基金會嘉義服務中心,1,0,0,0
嘉義家庭扶助中心,1,0,0,0
財團法人嘉義市私立修緣育幼院,1,0,0,0
社團法人嘉義市家庭關懷協會,1,0,0,0
嘉義市腦性麻痺協會,1,0,0,0
嘉義市希望種子兒童暨青少年成長協會,1,0,0,0
嘉義市私立瑞泰老人長期照護中心,1,0,0,0
台灣省私立嘉義濟美仁愛之家,1,0,0,0
嘉義市政府社會局,1,0,0,0
嘉義基督教醫院,1,0,0,0
嘉義基督教醫院嘉義市居家服務中心,1,0,0,0
鄒族文化藝術基金會,1,0,0,0
台灣生死輔導學會,1,0,0,0
聖心教養院,1,0,0,0
社團法人台灣路得關懷發展協會,1,0,0,0
嘉義縣私立一心教養院,1,0,0,0
嘉義縣私立仲埔教養院,1,0,0,0
戴德森醫療財團法人嘉義基督教醫院嘉義縣居家服務中心,1,0,0,0
財團法人雙福社會福利慈善事業基金會嘉義辦事處,1,0,0,0
永齡希望小學中正分校,1,0,0,0
嘉義縣智障者家長協會,1,0,0,0
嘉義縣志願服務協會,1,0,0,0
長庚紀念醫院嘉義分院社會服務課,1,0,0,0
社團法人嘉義縣聽語多重障礙福利協進會,1,0,0,0
嘉義縣新知婦女協進會,1,0,0,0
財團法人天主教會嘉義教區附設嘉義縣私立敏道家園,1,0,0,0
行政院衛生署朴子醫院,1,0,0,0
社團法人嘉義縣慈善團體聯合協會,1,0,0,0
財團法人嘉義縣私立開元殿福松老人養護中心,1,0,0,0
嘉義縣板陶窯文化發展協會,1,0,0,0
新港扶緣殘障聯誼會,1,0,0,0
財團法人薪傳教育基金會,1,0,0,0
嘉義縣昇平關懷弱智人協進會,1,0,0,0
財團法人晨光社會福利基金會附設金門縣私立晨光教養家園,1,0,0,0
社團法人金門縣青少年暨兒童關懷協會,1,0,0,0
金門縣立福田家園,1,0,0,0
苗栗縣聲暉協進會,1,0,0,0
苗栗縣智障福利協進會,1,0,0,0
苗栗縣政府社會局,1,0,0,0
苗栗縣生命線協會,1,0,0,0
中華民國紅十字會台灣省苗栗縣支會,1,0,0,0
大千綜合醫院南勢分院,1,0,0,0
苗栗縣婦女會,1,0,0,0
財團法人苗栗縣私立徐月蘭社會福利慈善事業基金會,1,0,0,0
苗栗縣私立幼安教養院,1,0,0,0
苗栗縣社區大學,1,0,0,0
法律扶助基金會苗栗分會,1,0,0,0
苗栗縣私立廣愛教養院,1,0,0,0
財團法人苗栗縣私立明德教養院,1,0,0,0
微笑家園康復之家,1,0,0,0
財團法人台灣省天主教會新竹教區附設苗栗縣私立聖方濟育幼院,1,0,0,0
仁德醫護管理專科學校學生輔導中心,1,0,0,0
社團法人苗栗縣盲友愛心協進會,1,0,0,0
基督教苗栗甘泉文教協會,1,0,0,0
伊甸基金會苗栗服務中心,1,0,0,0
生命之愛文教基金會,1,0,0,0
財團法人苗栗縣私立協和社會福利慈善事業基金會,1,0,0,0
苗栗縣私立親民啟能養院,1,0,0,0
苗栗縣私立華嚴啟能中心,1,0,0,0
公設民營苗栗縣苑裡社區老人養護中心,1,0,0,0
苗栗縣生命關懷扶助協會,1,0,0,0
財團法人苗栗縣私立德芳教養院,1,0,0,0
苗栗縣脊髓損傷者協會,1,0,0,0
苗栗縣私立聖家啟智中心,1,0,0,0
南投縣幼兒托育職業工會,1,0,0,0
衛生署南投醫院,1,0,0,0
社團法人南投縣新南投婦女之友會,1,0,0,0
南投市傑瑞老人安養中心,1,0,0,0
中華民國紅十字會南投縣支會,1,0,0,0
南投縣家庭照顧者關懷協會,1,0,0,0
南投縣褓姆學會,1,0,0,0
南投縣發展遲緩兒童早期療育通報轉介暨個管中心,1,0,0,0
南投縣樂齡生活關懷協會,1,0,0,0
南投市公所(生活重建服務中心）,1,0,0,0
千禧龍青年基金會,1,0,0,0
財團法人台灣更生保護會南投分會,1,0,0,0
財團法人犯罪被害人保護協會台灣南投分會,1,0,0,0
財團法人台灣兒童暨家庭扶助基金會附設南投縣私立家扶希望學園,1,0,0,0
新故鄉文教基金會,1,0,0,0
國立暨南國際大學社會政策與社會工作學系,1,0,0,0
國立暨南國際大學學務處諮商中心,1,0,0,0
利河伯社會福利基金會附設台灣省私立基督仁愛之家,1,0,0,0
台灣社會工作實務發展協會,1,0,0,0
愚人之友社會福利慈善事業基金會,1,0,0,0
社團法人中國真佛宗華光功德會,1,0,0,0
社團法人南投縣臻晴社會福祉關懷協會,1,0,0,0
台灣省玉德慈善會,1,0,0,0
群力康復之家,1,0,0,0
南投縣基督教青年會(YMCA),1,0,0,0
行政院衛生署草屯療養院社服室,1,0,0,0
南投縣生活重建協會,1,0,0,0
南投縣慈慧善行協會,1,0,0,0
南投縣鹿谷鄉清水溝重建工作協會,1,0,0,0
南投縣社會福利工作協會,1,0,0,0
傑瑞社會福利基金會,1,0,0,0
社團法人南投縣以琳社會福利關懷協會,1,0,0,0
中國青年救國團直屬台灣省南投縣團務指導委員會,1,0,0,0
伊甸社會福利基金會南投921庇護工場,1,0,0,0
信義鄉生活重建服務中心,1,0,0,0
南投縣中寮鄉龍眼林福利協會,1,0,0,0
南投縣社區家庭支援協會,1,0,0,0
竹山秀傳醫院,1,0,0,0
天主教會南投縣私立玫瑰啟能訓練中心,1,0,0,0
社團法人南投縣希望天使啟蒙學會,1,0,0,0
財團法人台灣兒童暨家庭扶助基金會澎湖分事務所,1,0,0,0
衛生福利部澎湖老人之家,1,0,0,0
澎湖縣照顧服務協會,1,0,0,0
天主教惠民啟智中心,1,0,0,0
社團法人澎湖康復之友協會,1,0,0,0
財團法人台灣更生保護會澎湖分會,1,0,0,0
屏東基督教勝利之家,1,0,0,0
屏東基督教醫院,1,0,0,0
財團法人屏東縣私立清境家園社會福利慈善事業基金會,1,0,0,0
屏東縣家庭諮商中心,1,0,0,0
屏東縣啟智協進會,1,0,0,0
屏北區發展遲緩兒童及身心障礙者通報轉介暨個案管理中心,1,0,0,0
國立屏東師範學院教育基金會,1,0,0,0
國立屏東大學教育學院社區諮商中心,1,0,0,0
屏東縣私立基督教伯大尼之家,1,0,0,0
屏東基督教伯大尼之家,1,0,0,0
內政部南區老人之家,1,0,0,0
民眾醫院,1,0,0,0
屏東家庭扶助中心,1,0,0,0
行政院衛生署屏東醫院附設博正護理之家,1,0,0,0
屏東縣政府社會處,1,0,0,0
恆春基督教醫院,1,0,0,0
社團法人屏東縣社會福利聯盟,1,0,0,0
台灣省私立孝愛仁愛之家,1,0,0,0
屏東縣潮州鎮青年服務協會,1,0,0,0
蘇天生文教基金會,1,0,0,0
安泰醫院,1,0,0,0
屏東縣枋寮鄉地利社區發展協會,1,0,0,0
私立信愛老人養護中心,1,0,0,0
社團法人屏東縣綠元氣產業交流促進會,1,0,0,0
社團法人中華民國慈惠善導書院文化教育研究協會,1,0,0,0
屏東縣私立青山育幼院,1,0,0,0
社團法人原住民全人關懷促進協會,1,0,0,0
財團法人屏東縣私立永安老人養護中心,1,0,0,0
台灣五府千歲慈善展望會,1,0,0,0
財團法人屏東縣私立基督教信望愛育幼院,1,0,0,0
社團法人屏東縣原住民資訊協會,1,0,0,0
台灣省屏東縣南州鄉精明寶宮附設私立精忠育幼院,1,0,0,0
財團法人屏東縣私立基督教沐恩之家附設亞當學園,1,0,0,0
美和科技大學社會工作系,1,0,0,0
屏東縣原住民文教協會,1,0,0,0
台灣黑熊保育協會,1,0,0,0
保育類野生動物收容中心,1,0,0,0
社團法人台灣世界愛滋快樂聯盟,1,0,0,0
社團法人屏東縣社會工作師公會,1,0,0,0
屏東縣私立大仁之家,1,0,0,0
社團法人台灣關懷急難救助協會,1,0,0,0
屏東縣三地門鄉達來社區發展協會,1,0,0,0
屏東縣三地門鄉青葉社區發展協會,1,0,0,0
屏東縣獅子鄉雙流社區發展協會,1,0,0,0
社團法人屏東縣原住民社會公益服務協會,1,0,0,0
正欣居家護理所,1,0,0,0
有限責任屏東縣第一照顧服務勞動合作社,1,0,0,0
屏東縣私立順仁老人養護中心,1,0,0,0
屏東縣大愛護理之家,1,0,0,0
財團法人屏東縣私立聖欣老人養護中心,1,0,0,0
社團法人中華民國愛家青少年關懷協會,1,0,0,0
財團法人屏東縣私立長青老人養護中心,1,0,0,0
社團法人屏東縣深耕永續發展協會,1,0,0,0
國泰人壽慈善基金會,1,0,0,0
社團法人台灣雷特氏症病友關懷協會,1,0,0,0
董氏基金會,1,0,0,0
中華民國消費者文教基金會,1,0,0,0
世華聯合商業銀行文化慈善基金會,1,0,0,0
新光吳氏基金會,1,0,0,0
遠哲科學教育基金會,1,0,0,0
吳三連獎基金會,1,0,0,0
行天宮文教基金會,1,0,0,0
圓覺宗智敏慧華金剛上師教育基金會,1,0,0,0
中華關懷弱勢族群愛心大聯盟,1,0,0,0
富邦慈善基金會,1,0,0,0
創世社會福利基金會,1,0,0,0
味全文化教育基金會,1,0,0,0
民間司法改革基金會,1,0,0,0
旺旺文教基金會,1,0,0,0
黎明文化事業基金會,1,0,0,0
第一社會福利基金會,1,0,0,0
財團法人連德工商發展基金會,1,0,0,0
信誼基金會,1,0,0,0
美國教育基金會,1,0,0,0
台北海洋技術學院,1,0,0,0
政治大學NPO-EMBA平台計畫辦公室,1,0,0,0
台北市立聯合醫院松德院區,1,0,0,0
台灣大哥大基金會,1,0,0,0
台北市私立聖道兒童之家,1,0,0,0
連雅堂先生獎學金基金會,1,0,0,0
以立國際服務,1,0,0,0
基督復臨安息日會台安醫院,1,0,0,0
社團法人台灣社會向上發展協會,1,0,0,0
伊甸社會福利基金會喜樂視障中心,1,0,0,0
財團法人國際商貿文化交流基金會,1,0,0,0
台北市松山社區大學,1,0,0,0
中華民國藝術文化環境改造協會,1,0,0,0
台北百合扶輪社,1,0,0,0
新境界文教基金會,1,0,0,0
台北市私立榮祥老人養護所,1,0,0,0
台灣薩提爾成長模式推展協會,1,0,0,0
社團法人台灣動物協會,1,0,0,0
華人磐石領袖協會,1,0,0,0
台北市八頭里仁協會,1,0,0,0
財團法人家樂福文教基金會,1,0,0,0
台北市藝術統合教育研究會,1,0,0,0
台灣導盲犬協會,1,0,0,0
財團法人法鼓山文教基金會,1,0,0,0
財團法人台北市私立陽明養護中心,1,0,0,0
台北市家庭生活教育推廣協會,1,0,0,0
台北市北投區奇岩社區發展協會,1,0,0,0
關渡自然公園管理處,1,0,0,0
台北市啟明權益促進會,1,0,0,0
台北市教保人員協會,1,0,0,0
台灣社區健康促進與管理學會,1,0,0,0
醫療財團法人辜公亮基金會和信治癌中心醫院,1,0,0,0
財團法人信望愛臍帶血基金會,1,0,0,0
台北市私立常喜老人養護曁長期照護中心,1,0,0,0
台北市私立彩虹村家園,1,0,0,0
國立陽明大學ICF暨輔助科技研究中心,1,0,0,0
社團法人中華民國先天及代謝疾病關懷之友協會,1,0,0,0
台北市私立祥暉老人養護所,1,0,0,0
三軍總醫院北投分院附設庇護工場,1,0,0,0
國立台北藝術大學關渡美術館,1,0,0,0
台北城市科技大學 諮輔組 資源教室,1,0,0,0
台北市私立陽明山老人養護所,1,0,0,0
台北市民間外交人才育成協會,1,0,0,0
財團法人福祿文化基金會(北投文物館),1,0,0,0
振興復健醫學中心,1,0,0,0
社團法人台灣海洋環境教育推廣協會,1,0,0,0
財團法人台北市七星生態保育基金會,1,0,0,0
財團法人伊甸社會福利基金會北投耆福老人服務中心,1,0,0,0
財團法人台北市北投文化基金會,1,0,0,0
社團法人台灣冒險學習發展協會,1,0,0,0
加惠心理諮商文教基金會,1,0,0,0
台北市兒童托育協會,1,0,0,0
台北市私立新常安老人長期照顧中心(養護型),1,0,0,0
財團法人伽耶山基金會,1,0,0,0
善耕365公益媒合平台,1,0,0,0
財團法人金鴻兒童文教基金會,1,0,0,0
財團法人大聯大教育基金會,1,0,0,0
台北市紫丁香婦幼關懷協會,1,0,0,0
財團法人基督教救世軍台灣區總部,1,0,0,0
社團法人台灣諾亞方舟動物同樂協會,1,0,0,0
台北市教育會,1,0,0,0
社團法人台灣商務策劃協會,1,0,0,0
財團法人癌症關懷基金會,1,0,0,0
台灣心會,1,0,0,0
中華民國勞務服務產業工會,1,0,0,0
台北市私立華安老人長期照護中心,1,0,0,0
財團法人我們的家愛與智慧文化藝術基金會,1,0,0,0
喜憨兒社會福利基金會-台北行政中心,1,0,0,0
台北市大安社區大學(金甌女中),1,0,0,0
國立台北教育大學學務處心輔組,1,0,0,0
永齡希望小學國北教大分校,1,0,0,0
中華全腦開發協會,1,0,0,0
台灣真愛家庭協會,1,0,0,0
社團法人中華身心障礙者職業技藝協會,1,0,0,0
台北市外語啟蒙教學發展學會,1,0,0,0
台灣更生保護會,1,0,0,0
台北經營管理研究院,1,0,0,0
台北市慧炬雜誌社,1,0,0,0
台北市天行者全人關懷協會,1,0,0,0
財團法人青平台基金會,1,0,0,0
財團法人台北市自由空間教育基金會,1,0,0,0
財團法人龍應台文化基金會,1,0,0,0
財團法人法律扶助基金會台北分會,1,0,0,0
中國藝術家協會,1,0,0,0
天主教光仁社會福利基金會,1,0,0,0
台北南區家扶中心,1,0,0,0
台灣幼兒早期教育協會,1,0,0,0
中華團體心理治療學會,1,0,0,0
華人心理治療研究發展基金會,1,0,0,0
中華民國應用音樂推廣協會,1,0,0,0
國際珍古德教育及保育協會中華民國總會,1,0,0,0
中華民國大學原理研究會,1,0,0,0
台灣社造聯盟,1,0,0,0
台北市心理復健家屬聯合協會,1,0,0,0
台灣和平草根聯盟,1,0,0,0
社團法人社區大學全國促進會,1,0,0,0
財團法人台灣基督長老教會宣教基金會,1,0,0,0
國立台灣大學中國信託慈善基金會兒少暨家庭研究中心,1,0,0,0
社團法人台灣老人學學會,1,0,0,0
台北市立聯合醫院附設庇護工場,1,0,0,0
宏恩醫療財團法人宏恩綜合醫院,1,0,0,0
國家文化藝術基金會,1,0,0,0
台北市立聯合醫院社會服務室,1,0,0,0
台新銀行文化藝術基金會,1,0,0,0
財團法人台新銀行公益慈善基金會,1,0,0,0
富邦藝術基金會,1,0,0,0
富邦文教基金會,1,0,0,0
國泰綜合醫院社會服務室,1,0,0,0
德杰公益文教基金會,1,0,0,0
台北市晚晴婦女協會,1,0,0,0
社團法人台灣一起夢想公益協會,1,0,0,0
專業者都市改革組織,1,0,0,0
台北市家庭照顧者關懷協會,1,0,0,0
國際扶輪3520地區扶輪青年服務團,1,0,0,0
台北市私立慈暉老人養護所,1,0,0,0
台灣藍鵲文教發展協會,1,0,0,0
財團法人精英文教事務基金會,1,0,0,0
財團法人台北市阿瑪社會福利慈善事業基金會,1,0,0,0
中華民國社會事業發展協會,1,0,0,0
社會事業發展協會,1,0,0,0
台灣動物輔助活動與治療協會,1,0,0,0
中華民國保護動物協會,1,0,0,0
財團法人黑松教育基金會,1,0,0,0
財團法人華緣教育基金會,1,0,0,0
社團法人台灣兒少生涯教育促進會,1,0,0,0
中華財經策略協會,1,0,0,0
財團法人台北市任兆璋修女林美智老師教育基金會,1,0,0,0
中崙諮商中心諮商所,1,0,0,0
揚生慈善基金會,1,0,0,0
時報文教基金會,1,0,0,0
中華民國智障者體育運動協會,1,0,0,0
社團法人台北市彩虹心服務協會,1,0,0,0
台灣長期照護專業協會,1,0,0,0
台北市角落關懷協會,1,0,0,0
保綠基金會,1,0,0,0
台北市大同區新鄰江社區發展協會,1,0,0,0
台北市勞動力重建運用處,1,0,0,0
台北市西區單親家庭服務中心,1,0,0,0
台北市永樂婦女服務中心,1,0,0,0
社團法人台灣歷史資源經理學會,1,0,0,0
台北市私立建興老人養護所,1,0,0,0
台北市私立仁安老人養護所,1,0,0,0
日日春關懷互助協會,1,0,0,0
台北市視障生活品質福利促進會,1,0,0,0
財團法人萬妙教育基金會,1,0,0,0
社團法人台灣向日葵全人關懷協會,1,0,0,0
台北市中藥商業同業公會,1,0,0,0
中華兒童圍棋協會,1,0,0,0
中華新時代協會,1,0,0,0
台北市盲人福利協進會,1,0,0,0
社團法人中華民國僵直性脊椎炎關懷協會,1,0,0,0
中華民國中藥商業同業公會全國聯合會,1,0,0,0
中華民國聾人協會,1,0,0,0
社團法人台灣公益CEO協會,1,0,0,0
台灣蝴蝶保育學會,1,0,0,0
社團法人台北市裝潢修繕交流協會,1,0,0,0
台北市國際禪友會,1,0,0,0
中華視障安養福利協會,1,0,0,0
財團法人台北市永春文教基金會,1,0,0,0
中華民國兒童福利聯盟文教基金會,1,0,0,0
聯合醫院中興院區精神科就業輔導組,1,0,0,0
心世代心理諮商所,1,0,0,0
台北市私立晉安老人養護所,1,0,0,0
台北市私立永安老人養護所,1,0,0,0
西田社布袋戲基金會,1,0,0,0
實踐大學社會工作學系,1,0,0,0
基督教都市人工作群社會福利事業金會,1,0,0,0
社團法人中華基督教讚美關懷協會,1,0,0,0
一一基金會,1,0,0,0
金鴻兒童文教基金會,1,0,0,0
台北市萬華區衛生所,1,0,0,0
立心萬華兒童中心,1,0,0,0
黃俊生電子耳基金會,1,0,0,0
財團法人王詹樣社會福利慈善基金會,1,0,0,0
時代基金會,1,0,0,0
趨勢教育基金會,1,0,0,0
禧年經濟倫理文教基金會,1,0,0,0
太平洋崇光文教基金會,1,0,0,0
中華民國自主學習促進會,1,0,0,0
台灣家庭慈善工作協會,1,0,0,0
台北市立聯合醫院婦幼院區社會服務室,1,0,0,0
台灣歸零愛心服務協會,1,0,0,0
台灣創意藝術壓花推廣協會,1,0,0,0
喜瑪拉雅微型創業育成中心,1,0,0,0
喜瑪拉雅研究發展基金會,1,0,0,0
婦癌基金會,1,0,0,0
國際民間藝術組織台灣分會,1,0,0,0
長青木心理諮商所,1,0,0,0
中華民國債務人更生扶助協會,1,0,0,0
台灣鬱金香動作障礙關懷協會,1,0,0,0
大安社區開平校區,1,0,0,0
台北市野鳥學會,1,0,0,0
中華民國就業服務專業人員協會,1,0,0,0
白曉燕文教基金會,1,0,0,0
五二三登山會,1,0,0,0
財團法人三聯科技教育基金會,1,0,0,0
台北市茶商業同業公會,1,0,0,0
吉翔護理之家,1,0,0,0
財團法人台灣永續能源研究基金會,1,0,0,0
純青社會福利基金會,1,0,0,0
台北市私立永年社會福利慈善基金會,1,0,0,0
社團法人中華民國劉俠(杏林子)之友會,1,0,0,0
台灣血友病浮木濟世會,1,0,0,0
台北市立心慈善基金會,1,0,0,0
台北市史代納教育推廣協會,1,0,0,0
婦女權益促進發展基金會,1,0,0,0
中華人權協會台北海外和平服務團,1,0,0,0
中華民國早療課程設計推廣協會,1,0,0,0
中華民國學習障礙協會,1,0,0,0
中華慈光愛心會,1,0,0,0
中華身心障礙者職業技藝協會,1,0,0,0
中華基督教新時代青年會,1,0,0,0
天主教新事社會福務中心,1,0,0,0
毛毛蟲兒童哲學基金會,1,0,0,0
台北市私立義光育幼院,1,0,0,0
台灣彩虹原住民關懷協會,1,0,0,0
台灣塔客文創交流協會,1,0,0,0
社團法人兼善天下社會服務志業協會,1,0,0,0
中華民俗藝術基金會,1,0,0,0
中華民國腫瘤護理學會,1,0,0,0
聯合心理諮商所,1,0,0,0
新聯陽社會慈善公益事業基金會,1,0,0,0
中華民國生活技能協會,1,0,0,0
全民太極拳研發基金會,1,0,0,0
中國文化大學推廣教育部,1,0,0,0
台灣媒體觀察教育基金會,1,0,0,0
台北市私立勝利身心障礙潛能發展中心,1,0,0,0
法律扶助基金會,1,0,0,0
台北市社區心理衛生中心,1,0,0,0
十大傑出青年基金會,1,0,0,0
向陽公益基金會,1,0,0,0
外交部NGO國際事務會,1,0,0,0
社團法人台灣盲人重建協會,1,0,0,0
婦女新知基金會,1,0,0,0
中華民國管理科學學會,1,0,0,0
勵馨基金會,1,0,0,0
中華民國普仁之友會,1,0,0,0
觀新心理成長諮商中心,1,0,0,0
美化環境基金會,1,0,0,0
中華青少年純潔運動協會,1,0,0,0
自然步道協會,1,0,0,0
台灣女同志拉拉手協會,1,0,0,0
台灣預防醫學學會希望工作坊,1,0,0,0
社團法人台灣兒童權益聯盟,1,0,0,0
台灣沙遊協會,1,0,0,0
全球和平聯盟台灣總會,1,0,0,0
私立立泓康復之家,1,0,0,0
社團法人中華民國人生禪學會,1,0,0,0
崔媽媽基金會,1,0,0,0
生態關懷者協會,1,0,0,0
開拓文教基金會,1,0,0,0
人本教育文教基金會,1,0,0,0
社團法人台灣身心障礙家庭關懷協會,1,0,0,0
國立台灣大學社會工作學系,1,0,0,0
台灣生命教育學會,1,0,0,0
台北市私立童音老人養護所,1,0,0,0
社團法人中華民國身心喜悅協會,1,0,0,0
財團法人功文文教基金會,1,0,0,0
台灣客家文經發展協會,1,0,0,0
浩然基金會,1,0,0,0
台北市政府社會局委託經國管理暨健康學院辦理三民托兒所,1,0,0,0
台灣豐盛生命國際發展協會,1,0,0,0
台北大學學生諮商中心,1,0,0,0
忠泰建築文化藝術基金會,1,0,0,0
社團法人國際教練聯盟台灣總會,1,0,0,0
財團法人台北市老人基金會,1,0,0,0
社團法人台灣舉手網絡協會,1,0,0,0
中華民國退休基金協會,1,0,0,0
台灣佛教僧伽終身教育學會,1,0,0,0
台灣藝術治療學會,1,0,0,0
財團法人國光慈善事業基金會,1,0,0,0
國光慈善事業基金會附設台北市私立三軍幼兒園,1,0,0,0
私立德瑞康復之家,1,0,0,0
台北市南港社區大學,1,0,0,0
行政院衛生署國民健康局青少年視訊網站,1,0,0,0
台北市新活力自立生活協會,1,0,0,0
台北市體育總會拳擊協會,1,0,0,0
社團法人台灣原住民族產業經濟發展協會(部落大學),1,0,0,0
領航弱勢族群創業暨就業發展協會,1,0,0,0
中華國際財務金融研究發展協會,1,0,0,0
中華民國國際幼兒教育協會,1,0,0,0
糕菲庇護工場,1,0,0,0
伊甸社會福利基金會就業輔導中心,1,0,0,0
基督教乘風兒少關懷協會,1,0,0,0
台北市保母成長促進會,1,0,0,0
伊甸社會福利基金會職訓就輔中心,1,0,0,0
財團法人原住民族文化事業基金會,1,0,0,0
台北市南港老人服務中心（財團法人台灣省私立健順養護中心辦理）,1,0,0,0
中華民國喜願協會,1,0,0,0
台北市急難救助協會,1,0,0,0
台北市癌症關懷協會,1,0,0,0
財團法宗南聯合佛教基金會,1,0,0,0
財團法人台北市友緣社會福利事業基金會,1,0,0,0
聖迪斯哥文教基金會,1,0,0,0
財團法人鄭豐喜文化教育基金會,1,0,0,0
台北市觀音線心理暨社會關懷協會,1,0,0,0
中華人事主管協會,1,0,0,0
中華兩岸人才交流協會,1,0,0,0
財團法人愛家文化事業基金會(萬華社區大學),1,0,0,0
中華民國輔助科技促進職業重建協會,1,0,0,0
康寧醫院,1,0,0,0
中華民國休閒獨木舟協會,1,0,0,0
台北市內湖區大湖社區發展協會,1,0,0,0
財團法人台灣工業銀行教育基金會,1,0,0,0
社團法人中華民國動物福利環保協進會,1,0,0,0
財團法人 曹仲植基金會,1,0,0,0
台北市金龍發展中心,1,0,0,0
財團法人張釗漢疼痛醫療基金會,1,0,0,0
台北市內湖婦女暨家庭服務中心,1,0,0,0
社團法人台北市個別化早療推廣協會,1,0,0,0
內湖老人服務中心,1,0,0,0
公共電視文化事業基金會,1,0,0,0
中華民國兒童青少年及身心障礙者口腔保健暨矯正學會,1,0,0,0
伊甸社會福利基金會附設台北市私立婦幼家園,1,0,0,0
私立內湖康復之家,1,0,0,0
藍色天空志工關懷協會,1,0,0,0
台北市公寓大廈暨社區服務協會,1,0,0,0
財團法人昌盛教育基金會,1,0,0,0
社團法人台北市接觸點社區關懷協會,1,0,0,0
財團法人普立爾文教基金會,1,0,0,0
台達電子文教基金會,1,0,0,0
台灣寶希望樹兒童協會,1,0,0,0
財團法人中租控股青年展望基金會,1,0,0,0
普仁青年關懷基金會,1,0,0,0
中華安全行動照護協會,1,0,0,0
麥當勞叔叔之家兒童慈善基金會,1,0,0,0
中華民國身障關懷協會,1,0,0,0
財團法人傳愛社會福利慈善基金會,1,0,0,0
阿彌陀佛關懷協會,1,0,0,0
社團法人中華民國圓通人文關懷協會,1,0,0,0
得勝者教育協會,1,0,0,0
台北市私立陽光老人養護所,1,0,0,0
台北市私立文德老人長期照顧中心(養護型),1,0,0,0
中華民國社區資源交流協會,1,0,0,0
台灣肩膝關節病友協會,1,0,0,0
雅文兒童聽語文教基金會,1,0,0,0
中華銀髮養生照顧協會,1,0,0,0
財團法人台北市林芳瑾社會福利慈善事業基金會,1,0,0,0
社團法人理善國際關懷協會,1,0,0,0
中華民國基督教女青年會協會(YWCA全國協會),1,0,0,0
旅行與閱讀基金會,1,0,0,0
國際舞台美術家劇場建築師暨劇場技術師組織,1,0,0,0
中華少年成長文教基金會,1,0,0,0
歐洲聯盟研究協會,1,0,0,0
台北市立仁愛醫院社會服務室,1,0,0,0
台北富邦銀行公益慈善基金會,1,0,0,0
台北市私立康寧老人養護所,1,0,0,0
財團法人生活品質文教基金會,1,0,0,0
台北市少年輔導委員會中正少輔組,1,0,0,0
中華民國康復之友聯盟,1,0,0,0
中國輔導協會,1,0,0,0
台北市私立行義老人養護所,1,0,0,0
台北榮民總醫院 社會工作室,1,0,0,0
國際醫學科學研究基金會,1,0,0,0
財團法人台北市私立非拉鐵非兒少之家,1,0,0,0
中華守候文教協會,1,0,0,0
靖娟兒童安全文教基金會,1,0,0,0
北台北家扶中心,1,0,0,0
台灣國際交換學生交流協會（籌備會）,1,0,0,0
(財)恆安老人長期照顧中心受託經營台北市陽明老人公寓,1,0,0,0
台北市私立國光老人養護所,1,0,0,0
財團法人廣達文教基金會,1,0,0,0
中華民國公益團體服務協會,1,0,0,0
財團法人立信社會福利慈善事業基金會,1,0,0,0
財團法人華人社會工作學會,1,0,0,0
台北市瞽者命協會,1,0,0,0
犯罪被害人保護協會台灣士林分會,1,0,0,0
財團法人台灣更生保護會士林分會,1,0,0,0
國立台灣科學教育館,1,0,0,0
財團法人國際合作發展基金會,1,0,0,0
肢體音符舞團,1,0,0,0
社團法人台灣家族系統排列協會,1,0,0,0
財團法人台北市新視界社會福利基金會,1,0,0,0
台北市私立體惠育幼院,1,0,0,0
台北市私立祥仁老人養護所,1,0,0,0
台北市私立聖安娜之家,1,0,0,0
財團法人台北市南海普陀山慧濟寺,1,0,0,0
社團法人台灣健康服務協會,1,0,0,0
財團法人台北市無子西瓜社會福利基金會,1,0,0,0
全國家長團體聯盟,1,0,0,0
台北市私立同舟發展中心,1,0,0,0
台灣聖公會牧愛堂社工部,1,0,0,0
台北市政府社會局台北婦女中心,1,0,0,0
台北市士林老人服務暨日間照顧中心,1,0,0,0
財團法人漢光教育基金會,1,0,0,0
九歌兒童劇團台北偶戲館經營管理處,1,0,0,0
中華民國無障礙科技發展協會,1,0,0,0
台北市立聯合醫院松德院區安心專線,1,0,0,0
中華民國生活調適愛心會,1,0,0,0
萬海航運社會福利慈善事業基金會,1,0,0,0
東元科技文教基金會,1,0,0,0
廣青文教基金會,1,0,0,0
張老師基金會,1,0,0,0
中華民國長青協會,1,0,0,0
台北市私立福全老人養護所,1,0,0,0
台北市生命線協會,1,0,0,0
國泰世華銀行文化慈善基金會,1,0,0,0
財團法人伊甸社會福利基金會附設台北市私立八德服務中心,1,0,0,0
台北市康復之友協會附設勞務服務中心,1,0,0,0
台北市東區少年服務中心,1,0,0,0
財團法人台北市歐旻慈善基金會,1,0,0,0
財團法人台北市彩霞教育基金會,1,0,0,0
中華理財教育發展協會,1,0,0,0
中華國際人權促進會,1,0,0,0
伊甸基金會新移民家庭成長中心,1,0,0,0
台北市私立延壽老人養護所,1,0,0,0
有限責任台北市綠活互助家庭社區服務勞動合作社,1,0,0,0
國軍松山醫院(原空軍總醫院),1,0,0,0
台灣世界展望會,1,0,0,0
台灣體驗式輔導協會,1,0,0,0
台灣海外援助發展聯盟,1,0,0,0
中華為孝協會,1,0,0,0
社團法人台灣潤群協會,1,0,0,0
中華寶炬慈善功德會,1,0,0,0
中華民國就業服務協會,1,0,0,0
社團法人中華公益採購協會,1,0,0,0
台北市彩虹工程協會,1,0,0,0
台北市私立仁仁老人養護所,1,0,0,0
中華人力資源發展學會,1,0,0,0
台北市立西松國小,1,0,0,0
財團法人台北市文化基金會,1,0,0,0
中華樂輔關懷教育協會,1,0,0,0
中華善法慈善協會,1,0,0,0
財團法人聖仁慈善救濟基金會,1,0,0,0
海棠文教基金會,1,0,0,0
中華民國環境教育學會,1,0,0,0
主婦聯盟環境保護基金會,1,0,0,0
光智社會事業基金會,1,0,0,0
中華民國水意外災害防治教育學會,1,0,0,0
台北市創意壓花藝術推廣協會,1,0,0,0
社團法人台灣社區健康及家庭關係促進協會,1,0,0,0
財團法人悟善文化基金會,1,0,0,0
財團法人余紀忠文教基金會,1,0,0,0
社團法人台灣天主教長期照顧機構協會,1,0,0,0
台北市少年輔導委員會萬華少輔組,1,0,0,0
中華民國脊髓損傷者聯合會,1,0,0,0
台北市鄉土教育中心,1,0,0,0
財團法人台灣省私立台北仁濟院,1,0,0,0
貓頭鷹親子教育協會,1,0,0,0
台北市萬華區大理國民小學,1,0,0,0
台灣夢想城鄉營造協會,1,0,0,0
財團法人台北市私立恆安老人長期照顧中心(長期照護型),1,0,0,0
私立恒安老人養護中心,1,0,0,0
中華民國身心障礙服務推展協會,1,0,0,0
私立迦園康復之家,1,0,0,0
台北市萬華老人服務中心,1,0,0,0
台北市立雙園國民中學,1,0,0,0
國際單親兒童文教基金會,1,0,0,0
社團法人中華民國夢想之家青年發展協會,1,0,0,0
財團法人中華民國視覺藝術協會,1,0,0,0
財團法人基督教台北市伯大尼兒少家園,1,0,0,0
社團法人中華牧人關懷協會,1,0,0,0
台北市景安老人長期照顧中心(養護型),1,0,0,0
台灣環境行動網協會,1,0,0,0
台北市私立忠義育幼院,1,0,0,0
社團法人台北市社區大學民間促進會(文山社區大學),1,0,0,0
社團法人台灣愛無國境協會,1,0,0,0
社團法人台北市樂服社區關懷協會,1,0,0,0
社團法人中華民國多發兒社會福利協會,1,0,0,0
中華民國全人文教協會,1,0,0,0
私立木柵康復之家,1,0,0,0
世新大學通識教育中心,1,0,0,0
世新大學無障礙資源中心,1,0,0,0
社團法人中華民國腦力整合研究學會,1,0,0,0
台北市孤兒福利協會,1,0,0,0
心路社會福利基金會北部社區就業中心,1,0,0,0
創世基金會文山分院,1,0,0,0
愛家文化事業基金會,1,0,0,0
財團法人台北市樹仁社會福利基金會,1,0,0,0
心路台北萬芳發展中心,1,0,0,0
伊甸社會福利基金會附設台北市私立活泉之家,1,0,0,0
景美醫院附設護理之家,1,0,0,0
台北市文山老人服務中心,1,0,0,0
台北市一壽重殘養護中心,1,0,0,0
中華生死學會,1,0,0,0
國立台北教育大學資源教室,1,0,0,0
台北市立聯合醫院文山職能工作坊,1,0,0,0
中華長照服務產業研究發展協會,1,0,0,0
台灣心靈家園關懷協會,1,0,0,0
台北市立文山特殊教育學校,1,0,0,0
國立政治大學第三部門研究中心,1,0,0,0
關懷長青文教基金會,1,0,0,0
台北市私立育成和平發展中心,1,0,0,0
社團法人先天性成骨不全症關懷協會,1,0,0,0
西園醫院,1,0,0,0
台灣婦女團體全國聯合會,1,0,0,0
台灣太平洋研究學會,1,0,0,0
中華民國四健會協會,1,0,0,0
台北市中山老人住宅暨服務中心,1,0,0,0
中華智慧人生文教發展協會,1,0,0,0
台北市私立大園老人養護所,1,0,0,0
天主教福利會附設台北市私立青友中心,1,0,0,0
中華民國殘障技能發展協會,1,0,0,0
台灣教授協會,1,0,0,0
新古典表演藝術基金會,1,0,0,0
基督教論壇基金會,1,0,0,0
台北市家長協會,1,0,0,0
中華民國紅十字會台北市分會,1,0,0,0
第一兒童發展中心,1,0,0,0
財團法人盛寶全人社會福利基金會,1,0,0,0
財團法人震旦永續經營基金會,1,0,0,0
台北市保母協會,1,0,0,0
財團法人統一超商好鄰居文教基金會,1,0,0,0
中華民國星橋愛心服務協會,1,0,0,0
台北市流浪貓保護協會,1,0,0,0
社團法人中華多元智慧發展學會,1,0,0,0
台灣非營利組織領導力發展協會,1,0,0,0
財團法人中華文化社會福利事業基金會台北兒童福利中心,1,0,0,0
台北市身心障礙者自立更生創業協會,1,0,0,0
台灣至善文教協會,1,0,0,0
台灣你的社會福利慈善協會,1,0,0,0
台灣新世紀人才培訓協會,1,0,0,0
台北市政府社會局社會工作科,1,0,0,0
中華民國神經語言程式學協會,1,0,0,0
台北市松德婦女服務中心,1,0,0,0
台北市立聯合醫院附設身心障礙者就業服務中心,1,0,0,0
台北市臨床心理師公會,1,0,0,0
台北市關懷病友協會,1,0,0,0
財團法人千禧之愛健康基金會,1,0,0,0
國際佛光會中華總會,1,0,0,0
台北市政府社會局信義社會福利服務中心,1,0,0,0
社團法人台北市友愛關懷協會,1,0,0,0
台北市錫瑠環境綠化基金會,1,0,0,0
台北市信義社區大學,1,0,0,0
社團法人生命勵樂活輔健會,1,0,0,0
台灣障礙者就業服務協會,1,0,0,0
財團法人台北市政府教育局認助清寒學生基金會,1,0,0,0
中國信託慈善基金會,1,0,0,0
財團法人關懷成長基金會,1,0,0,0
台北醫學大學 資源教室,1,0,0,0
台北醫學大學附設院社會工作室,1,0,0,0
台灣公益團體自律聯盟,1,0,0,0
得榮社會福利基金會,1,0,0,0
社團法人中華企業倫理教育協進會,1,0,0,0
社團法人台灣幸福家庭職能發展協會,1,0,0,0
台北市障礙者就業協會,1,0,0,0
國軍退除役官兵輔導委員會各縣市榮民服務處,1,0,0,0
台灣青年國際交流協會,1,0,0,0
台北市身心障礙者關愛協會,1,0,0,0
關愛協會,1,0,0,0
財團法人生命連線基金會,1,0,0,0
台灣員工協助專業協會,1,0,0,0
台北市肌萎縮症病友協會,1,0,0,0
台北市信義區塯公社區發展協會,1,0,0,0
台灣女性影像學會,1,0,0,0
台北市私立慈安老人養護所,1,0,0,0
育仁啟智中心,1,0,0,0
台北市雙胞胎協會,1,0,0,0
教育部青年發展署 國際及體驗學習組,1,0,0,0
台北市中華基督教青年會,1,0,0,0
台灣走出埃及輔導協會,1,0,0,0
台北市私立延吉老人養護所,1,0,0,0
中華民國圖板遊戲推廣協會,1,0,0,0
學術交流基金會,1,0,0,0
台北市全球健康教育協會,1,0,0,0
台北市至善老人安養護中心,1,0,0,0
芝山文化生態綠園,1,0,0,0
希望基金會,1,0,0,0
中華民國佛教青年會,1,0,0,0
台北市蓮華普門文化實踐協會,1,0,0,0
泰山文化基金會,1,0,0,0
台北市政府社會局台北市身心障礙福利會館,1,0,0,0
國際經濟商管學生會台灣總會,1,0,0,0
恩加貧困家庭協會,1,0,0,0
台灣原住民部落振興文教基金會,1,0,0,0
社團法人台灣老人福利機構協會,1,0,0,0
財團法人中保關懷社會福利基金會,1,0,0,0
台北市立關渡醫院(委託台北榮總經營),1,0,0,0
林迺翁文教基金會附設私立順益台灣原住民博物館,1,0,0,0
台北市立和平醫院精神科,1,0,0,0
財團法人陳德成社會福利基金會,1,0,0,0
台灣社會工作專業人員協會,1,0,0,0
兒童燙傷基金會,1,0,0,0
香園社會福利慈善事業基金會,1,0,0,0
中華民國山岳協會,1,0,0,0
馬偕紀念醫院精神科,1,0,0,0
中華民國早產兒基金會,1,0,0,0
馬偕紀念醫院協談輔導室,1,0,0,0
當代藝術基金會,1,0,0,0
台北故事館,1,0,0,0
台灣寶島行善義工團,1,0,0,0
國民健康局戒菸專線服務中心,1,0,0,0
天主教善牧社會福利基金會,1,0,0,0
天主教光仁文教基金會,1,0,0,0
懷仁全人發展中心,1,0,0,0
台北市仰德扶輪青年服務團,1,0,0,0
社團法人台灣企業社會責任協會,1,0,0,0
國際創新創業發展協會,1,0,0,0
財團法人張榮發基金會,1,0,0,0
台灣疤痕協會,1,0,0,0
台大醫院身心障礙醫療復健輔具研發中心,1,0,0,0
張老師基金會台北分事務所,1,0,0,0
松陽社會福利事業基金會,1,0,0,0
中華民國視覺障礙人福利協會,1,0,0,0
財團法人恩慈社會福利基金會,1,0,0,0
台北市學生輔導諮商中心,1,0,0,0
社團法人台灣收容動物關懷協會,1,0,0,0
台灣國際醫療行動協會,1,0,0,0
心路社會福利基金會,1,0,0,0
榮星庇護工場,1,0,0,0
財團法人全聯慶祥慈善事業基金會,1,0,0,0
台灣棒球名人堂協會,1,0,0,0
台灣和平基金會,1,0,0,0
財團法人何嘉仁文教基金會,1,0,0,0
中華民國藥師公會全聯會,1,0,0,0
台灣視障協會,1,0,0,0
財團法人中華民國稅務會計教育基金會,1,0,0,0
中華民國關懷生命協會,1,0,0,0
中華民國運動神經元疾病病友協會(漸凍人協會),1,0,0,0
台北市私立仁群老人養護所,1,0,0,0
雙溪啟智文教基金會,1,0,0,0
台灣區農業暨食品電子商務協會,1,0,0,0
台灣林登山社會福利基金會,1,0,0,0
超越基金會,1,0,0,0
中華民國身心障礙聯盟,1,0,0,0
中華民國身心障礙音樂才藝發展協會,1,0,0,0
財團法人民間公民與法治教育基金會,1,0,0,0
社團法人中國家庭教育協進會,1,0,0,0
台灣法治促進會,1,0,0,0
財團法人吾心文教基金會,1,0,0,0
台灣金融財富重建協會,1,0,0,0
財團法人計志文聖道基金會,1,0,0,0
導航基金會,1,0,0,0
社團法人中華基督教以琳關懷協會以琳少年學園,1,0,0,0
晨星劇團,1,0,0,0
知風草文教服務協會,1,0,0,0
財團法人感恩社會福利基金會,1,0,0,0
中華民國聽障者體育運育協會,1,0,0,0
財團法人樹火紀念紙文化基金會,1,0,0,0
中華視障經穴按摩推廣協會,1,0,0,0
罕見疾病基金會,1,0,0,0
財團法人台北市李連來公益基金會,1,0,0,0
財團法人永達社會福利基金會,1,0,0,0
台北市原住民關懷協會,1,0,0,0
蔡瑞月文化基金會,1,0,0,0
台灣世界展望會北區辦事處,1,0,0,0
台北市私立懷慈老人養護所,1,0,0,0
台灣髓緣之友協會,1,0,0,0
中華民國太極拳總會,1,0,0,0
台北市立教育大學特殊教育中心,1,0,0,0
中華淨食健康協會,1,0,0,0
中華民國出版品評議基金會,1,0,0,0
黑筠瀚教育基金會,1,0,0,0
台灣胸腔腫瘤病友支持協會,1,0,0,0
恩物社會服務推廣協會,1,0,0,0
台北市立聯合醫院婦幼院區,1,0,0,0
社團法人台灣社會福利總盟,1,0,0,0
台灣基督教福利會,1,0,0,0
社團法人台北市婦女會,1,0,0,0
社團法人中華人權協會,1,0,0,0
財團法人孫運璿學術基金會,1,0,0,0
財團法人佛陀教育基金會,1,0,0,0
社團法人中華民國青年創業協會總會,1,0,0,0
財團法人台北市志玲姊姊慈善基金會,1,0,0,0
財團法人第三部門教育基金會,1,0,0,0
中華民國擁愛關懷成長協會,1,0,0,0
社團法人中華民國社會關懷協會,1,0,0,0
台灣婚姻與家庭輔導學會,1,0,0,0
財團法人台北市雍展社會福利慈善基金會,1,0,0,0
新台灣研究文教基金會,1,0,0,0
社團法人台灣地板滾球運動聯盟,1,0,0,0
中華至善社會服務協會,1,0,0,0
台灣防暴聯盟,1,0,0,0
台灣安寧緩和護理學會,1,0,0,0
台灣文化產業發展協會,1,0,0,0
台灣勞工陣線,1,0,0,0
台北市社會工作師公會,1,0,0,0
社團法人台灣青少年多元發展協會,1,0,0,0
中華民國青年志工發展協會,1,0,0,0
財團法人藥害救濟基金會,1,0,0,0
財團法人新匯流文化基金會,1,0,0,0
台灣攝影文化交流協會,1,0,0,0
社團法人台灣阿甘精神發展協會,1,0,0,0
中華公司治理協會,1,0,0,0
財團法人綠色和平基金會,1,0,0,0
台北市陽昇教育基金會,1,0,0,0
醫療財團法人台灣血液基金會,1,0,0,0
台灣原住民文教基金會,1,0,0,0
社團法人綠色21台灣聯盟,1,0,0,0
金門縣紀錄片文化協會,1,0,0,0
環境法律人協會,1,0,0,0
社團法人台灣國際醫學聯盟,1,0,0,0
台北市希望園區生命教育協會,1,0,0,0
社團法人台灣健康人權行動協會,1,0,0,0
台灣輔導與諮商學會(原：中國輔導學會),1,0,0,0
中華民國永續生態旅遊協會,1,0,0,0
社團法人台灣生態旅遊協會,1,0,0,0
小米穗原住民文化基金會,1,0,0,0
台北市台大公館商圈協會,1,0,0,0
中華鯨豚協會,1,0,0,0
財團法人台北市客家文化基金會,1,0,0,0
台灣愛智兒潛能發展協會,1,0,0,0
九九文教基金會,1,0,0,0
社團法人台灣公平貿易推廣協會,1,0,0,0
財團法人王民寧先生紀念基金會,1,0,0,0
財團法人耕莘文教基金會,1,0,0,0
台北藝術推廣協會,1,0,0,0
社團法人台灣青年氣候聯盟,1,0,0,0
北基宜花金馬區身心障礙者職業重建服務資源中心,1,0,0,0
台灣大學醫學院職能治療學系,1,0,0,0
家扶基金會【1957福利諮詢專線】,1,0,0,0
財團法人新漾基金會,1,0,0,0
台灣巴掌仙子關懷協會,1,0,0,0
撫台街洋樓,1,0,0,0
法鼓文理學院社會企業研究中心,1,0,0,0
基隆市政府社會處,1,0,0,0
台灣促進和平文教基金會,1,0,0,0
台北市中正區南機場社區發展協會,1,0,0,0
台北市立聯合醫院和平院區,1,0,0,0
華人伴侶與家族治療協會,1,0,0,0
台北市諮商心理師公會,1,0,0,0
國立中正紀念堂管理處,1,0,0,0
財團法人雷射醫學文教基金會,1,0,0,0
財團法人長頸鹿文教基金會,1,0,0,0
社團法人中華民國兒童慈善協會,1,0,0,0
社團法人中華點亮生命教育協會,1,0,0,0
台灣適性發展促進會,1,0,0,0
中華文化總會,1,0,0,0
財團法人典美文化基金會,1,0,0,0
周餘龍教授教育基金會,1,0,0,0
中華民國聽障人協會,1,0,0,0
財團法人荒野基金會,1,0,0,0
中華人口文化促進會,1,0,0,0
中華民國三一寰宇文化協會,1,0,0,0
中華國際自然能量養生協會,1,0,0,0
台北市三玉啟能中心,1,0,0,0
中華民國身心靈關懷協會,1,0,0,0
社團法人台灣生態登山教育協會,1,0,0,0
台灣財務金融研究協會,1,0,0,0
財團法人台北市華書慈善基金會,1,0,0,0
社團法人中華國際催眠研究發展協會,1,0,0,0
台灣原住民族政策協會,1,0,0,0
國際志工協會國際資源中心,1,0,0,0
中華國際癌病康復協會,1,0,0,0
台北市新合唱文化藝術基金會,1,0,0,0
歐巴尼紀念基金會,1,0,0,0
黃秉心保險獎學金基金會,1,0,0,0
社團法人台北市生命智慧協會,1,0,0,0
財團法人靈山文教基金會,1,0,0,0
中華文化教育旅行協會,1,0,0,0
糖尿病關懷基金會,1,0,0,0
台灣再生能源推動聯盟,1,0,0,0
財團法人賴許柔文教基金會,1,0,0,0
新光人壽慈善基金會,1,0,0,0
中華民國反毒運動促進會,1,0,0,0
楊英風藝術教育基金會,1,0,0,0
紙風車文教基金會,1,0,0,0
社團法人台灣永社,1,0,0,0
台灣亞洲基金會,1,0,0,0
中華民國越野追蹤協會,1,0,0,0
行政院衛生署八里療養院,1,0,0,0
淡水文化基金會,1,0,0,0
財團法人防癌教育基金會,1,0,0,0
中華飛雁創業互助協會,1,0,0,0
社團法人台北縣愛鄉協會(林口社區大學),1,0,0,0
中華唇顎裂兒童基金會,1,0,0,0
台灣政策研究院文教基金會,1,0,0,0
育成社會福利基金會辦理台北縣集賢庇護工場,1,0,0,0
白石社區發展協會,1,0,0,0
國立台北大學資源教室,1,0,0,0
財團法人新北市私立秀旺社會福利慈善事業基金會,1,0,0,0
台北縣私立今光愛心老人養護中心,1,0,0,0
中華民國亞太地區創作藝術推廣協會,1,0,0,0
財團法人耕心蓮苑教育基金會,1,0,0,0
台北縣自閉症潛能發展中心,1,0,0,0
台灣勞動與就業協會,1,0,0,0
有限責任台灣主婦聯盟生活消費合作社,1,0,0,0
台北縣喜樂關懷協會,1,0,0,0
台灣永續生態工法發展協會,1,0,0,0
財團法人台灣更生保護會板橋分會,1,0,0,0
台灣心靈志工協會,1,0,0,0
社團法人台灣乾癬協會,1,0,0,0
育成基金會慈惠庇護工場,1,0,0,0
台北縣政府委託財團法人中華民國唐氏症基金會辦理台北縣愛樂發展中心,1,0,0,0
台北縣慈群庇護工場(公辦民營),1,0,0,0
台北縣慈育庇護工場,1,0,0,0
伊甸社會福利基金會台北縣慈惠庇護工場,1,0,0,0
台北縣美滿老人養護中心,1,0,0,0
翠柏新村老人安養中心,1,0,0,0
台北縣板橋市關懷心智障礙者協會,1,0,0,0
台北縣板橋市板新社區發展協會,1,0,0,0
社團法人中華身心障礙協會,1,0,0,0
台北縣基督教女青年會,1,0,0,0
台北縣創意壓花手技藝能推廣協會,1,0,0,0
愛立發展中心,1,0,0,0
馨樂單親家庭服務中心,1,0,0,0
台北縣愛盲協會,1,0,0,0
台北縣板橋市三民社區發展協會,1,0,0,0
創世基金會板橋分院,1,0,0,0
台北縣安德文教基金會,1,0,0,0
台灣生命社服協會,1,0,0,0
台北縣就業服務中心,1,0,0,0
台北縣社區工作者協會,1,0,0,0
新北市政府教育局,1,0,0,0
台北縣板橋市志願服務協會,1,0,0,0
台北縣私立佛教中道淨苑板橋中心,1,0,0,0
新北市家扶中心,1,0,0,0
社團法人中華民國藝評人協會,1,0,0,0
白浪青少年發展協會,1,0,0,0
技嘉教育基金會,1,0,0,0
財團法人私立廣恩老人養護中心,1,0,0,0
私立新店怡園康復之家,1,0,0,0
六藝劇團,1,0,0,0
台灣路竹醫療和平會,1,0,0,0
天主教耕莘醫院,1,0,0,0
中國痲瘋服務協會,1,0,0,0
衛生福利部台北醫院 精神科就服組,1,0,0,0
台灣全國選舉事務發展協會,1,0,0,0
中華民國觀蕊慈善會,1,0,0,0
台北縣照顧生命協會,1,0,0,0
財團法人犯罪被害人保護協會,1,0,0,0
台北縣好鄰居推廣協會,1,0,0,0
世界宗教博物館發展基金會,1,0,0,0
華夏科技大學,1,0,0,0
中和庄文史研究協會,1,0,0,0
台北縣肢體傷殘自強協會,1,0,0,0
行政院衛生署八里療養院附設中和社區復健中心,1,0,0,0
崇德文教基金會,1,0,0,0
中華民國軍文教育推廣協會,1,0,0,0
中華民國佛教華嚴學會,1,0,0,0
署立雙和醫院,1,0,0,0
社團法人台北縣脊髓損傷者協會,1,0,0,0
菊輝資訊科技文教基金會,1,0,0,0
台北縣私立隆泰老人長期照顧中心,1,0,0,0
社團法人台灣社會工作教育學會,1,0,0,0
社團法人中華民國白玫瑰社會關懷協會,1,0,0,0
台灣國際語文教育協會,1,0,0,0
天主教聖母聖心會,1,0,0,0
台東縣婦女會,1,0,0,0
社團法人台東縣外籍配偶協會,1,0,0,0
台東縣生命線協會,1,0,0,0
台東天主教聖母醫院,1,0,0,0
台東基督教醫院,1,0,0,0
台東縣私立牧心智能發展中心,1,0,0,0
社團法人台東縣康復之友協會,1,0,0,0
中華民國宇愛光養生協會,1,0,0,0
財團法人台東縣私立天主教聖十字架瑪利德蘭社會福利基金會,1,0,0,0
財團法人台東縣私立長青老人養護中心,1,0,0,0
台東醫院精神科,1,0,0,0
台東縣政府社會處,1,0,0,0
台灣公益社會實踐協會,1,0,0,0
財團法人台東縣私立海山弘願慈善基金會附設台東縣私立海山扶兒家園,1,0,0,0
台東基督教阿尼色弗兒童之家,1,0,0,0
財團法人台東縣私立柏林老人養護中心,1,0,0,0
基督教蘭恩文教基金會,1,0,0,0
財團法人台東縣私立峻陽社會福利慈善事業基金會,1,0,0,0
台東縣私立全是神的小孩晨光之家,1,0,0,0
社團法人台東縣基督教晨光之家協會,1,0,0,0
台東縣私立台東仁愛之家,1,0,0,0
布農文教基金會,1,0,0,0
台南市智障者福利家長協進會,1,0,0,0
台南市安南區生活重建服務中心(西子灣文教基金會承辦),1,0,0,0
台南市私立東門教養院,1,0,0,0
台南市文創協會,1,0,0,0
台南市私立福壽社會福利慈善事業基金會承辦台南市立仁愛之家,1,0,0,0
財團法人台南市私立常恭社會福利基金會,1,0,0,0
台南市佑明視障協進會,1,0,0,0
台南市憂鬱症關懷協會,1,0,0,0
財團法人台灣更生保護會台南分會毒癮治療者社工處理據點,1,0,0,0
財團法人虹橋傳道會,1,0,0,0
台南市政府社會局,1,0,0,0
財團法人台南市私立吾愛吾家養護中心,1,0,0,0
台南市私立天主教瑞復益智中心,1,0,0,0
財團法人台南市基督青年會社會福利慈善事業基金會,1,0,0,0
台南市聲暉協進會,1,0,0,0
台南市熱蘭遮失智症協會,1,0,0,0
社團法人台南市家庭情緒智商發展協會,1,0,0,0
台南市腦性麻痺之友協會,1,0,0,0
財團法人台南市私立聖功社會福利慈善事業基金會,1,0,0,0
台南市佳楠愛心慈善會,1,0,0,0
創義印務設計庇護工場,1,0,0,0
國立成功大學博物館,1,0,0,0
永齡希望小學成大分校,1,0,0,0
救國團台南諮商輔導中心-『張老師』,1,0,0,0
中華民國身心產業資訊促進發展協會,1,0,0,0
台南市飛雁發展協會,1,0,0,0
永續台灣文教基金會,1,0,0,0
社團法人台南市建力復健協會,1,0,0,0
台南市理想家庭促進協會,1,0,0,0
社團法人台南市家庭關懷協會,1,0,0,0
財團法人台南市私立天主教美善社會福利基金會,1,0,0,0
台南市肢障者生活重建協會,1,0,0,0
中華民國社會工作師公會全國聯合會,1,0,0,0
財團法人育合春教育基金會,1,0,0,0
社團法人中華聯馨慈善會,1,0,0,0
社團法人台灣公共衛生促進協會,1,0,0,0
台南市榮民服務處,1,0,0,0
財團法人台南市私立母佑會社會福利慈善基金會附設羅蘭青少年中心,1,0,0,0
台灣省私立台南仁愛之家,1,0,0,0
台灣地方學研究發展學會,1,0,0,0
台南市私立天宮育幼院,1,0,0,0
悠然山莊安養中心,1,0,0,0
樹河社會福利基金會,1,0,0,0
台南市傳愛社會福利協會,1,0,0,0
財團法人台南市私立靜觀社會福利慈善事業基金會,1,0,0,0
長榮大學,1,0,0,0
長榮大學社工系,1,0,0,0
財團法人台灣基督教迦南會(以琳之家),1,0,0,0
台南市私立老吾老養護中心,1,0,0,0
台南市聾啞福利協進會,1,0,0,0
台南市基督教青年會(兼辦)附設私立長榮課後托育中心,1,0,0,0
龍崎教養院,1,0,0,0
台南市私立麻豆老人養護中心,1,0,0,0
台南市南化區生活重建服務中心,1,0,0,0
社團法人台灣基督徒社會工作人員協會,1,0,0,0
台南市火炬殘障勵進會,1,0,0,0
社團法人台灣身心障礙者職業發展協會,1,0,0,0
財團法人慈愛動物福利基金會,1,0,0,0
財團法人朝興社會福利慈善事業基金會,1,0,0,0
財團法人樂扶社會福利基金會,1,0,0,0
台南縣佑明視障協進會,1,0,0,0
財團法人台南市私立上崙社會福利慈善事業基金會,1,0,0,0
衛生福利部嘉南療養院,1,0,0,0
中華民國我為人人實踐推廣協會,1,0,0,0
社團法人台南市慈光心智關懷協會,1,0,0,0
台南市私立長泰教養院本院,1,0,0,0
台南市童心園社會福利關懷協會,1,0,0,0
財團法人台南市私立佛教觀音村社會福利慈善事業基金會,1,0,0,0
台南市產業總工會／新化社區大學,1,0,0,0
財團法人台南市私立長泰教養院新市分院,1,0,0,0
財團法人樹谷文化基金會,1,0,0,0
財團法人天主教台南市私立蘆葦啟智中心,1,0,0,0
南瀛文化協會／新營社區大學,1,0,0,0
社團法人中華青年活動企劃推展協會,1,0,0,0
台灣我愛我心健康促進協會,1,0,0,0
社團法人中華民國耶底底亞家庭關顧協會,1,0,0,0
社團法人台南市新營區民榮社區發展協會,1,0,0,0
社團法人台南市南瀛社會福利推展協會,1,0,0,0
台南市社會工作師公會,1,0,0,0
財團法人古都保存再生文教基金會,1,0,0,0
社團法人台南市容愛關懷服務協會,1,0,0,0
社團法人台南市弘福社區關懷照顧服務協會,1,0,0,0
財團法人基益慈善基金會,1,0,0,0
社團法人台灣身心障礙者福祉協會,1,0,0,0
世寰社會福利慈善事業基金會,1,0,0,0
台南市心智障礙者關顧協會,1,0,0,0
財團法人台南市私立康寧教養院,1,0,0,0
財團法人台灣基督長老教會加利利宣教中心附設台南市私立希望之家,1,0,0,0
中華民國勞工技能訓練發展協會,1,0,0,0
俊逸文教基金會,1,0,0,0
郭綜合醫院,1,0,0,0
社團法人台南市女性權益促進會,1,0,0,0
財團法人基督教希望之光會,1,0,0,0
台南縣私立永靜教養院,1,0,0,0
悠然山莊,1,0,0,0
台南縣私立五甲教養院,1,0,0,0
內政部台南教養院,1,0,0,0
台南縣北門社區大學,1,0,0,0
佳里綜合醫院,1,0,0,0
台南縣佳里鎮公所,1,0,0,0
柳營奇美醫院社服部,1,0,0,0
奇美醫院柳營分院精神科,1,0,0,0
嘉南藥理科技大學社會工作系,1,0,0,0
台南縣關懷流浪動物協會,1,0,0,0
財團法人朝陽文化藝術基金會,1,0,0,0
台南縣康復之友協會,1,0,0,0
台南縣私立天壇老人養護中心,1,0,0,0
台南縣家庭扶助中心,1,0,0,0
台南縣生命線協會,1,0,0,0
行政院衛生署新營醫院,1,0,0,0
台南縣私立慶美社會福利慈善事業基金會,1,0,0,0
台南縣基督教疼厝邊全人發展關顧協會,1,0,0,0
台南縣私立荷園教養院,1,0,0,0
台南縣私立康寧教養院,1,0,0,0
加利利宣教中心,1,0,0,0
台南縣玉井鄉玉田社區發展協會,1,0,0,0
天主教台南縣私立德蘭啟智中心,1,0,0,0
財團法人天主教會台中教區附設台中巿私立慈愛智能發展中心,1,0,0,0
利河伯社會福利基金會,1,0,0,0
台中縣救難協會,1,0,0,0
中華民國儲蓄互助協會,1,0,0,0
社團法人台灣省慈心協會,1,0,0,0
財團法人台中市私立衡山社會福利基金會,1,0,0,0
中華民國衡山大道救世協會,1,0,0,0
台中市私立輔順仁愛之家,1,0,0,0
財團法人台灣省台中市順天宮輔順將軍廟附設私立輔順仁愛之家,1,0,0,0
天主教聖母聖心修女會,1,0,0,0
伊甸社會福利基金會-中區資源中心,1,0,0,0
社團法人中華自然農法協會,1,0,0,0
財團法人罕見疾病基金會中部辦事處,1,0,0,0
張老師基金會台中分事務所,1,0,0,0
三信文教基金會,1,0,0,0
台中市圓愛全人關懷協會,1,0,0,0
台中市向晴家庭福利服務中心,1,0,0,0
中華青少年全人發展國際交流協會,1,0,0,0
有限責任台中市居家照顧服務勞動合作社,1,0,0,0
天主教會台中教區附設立達啟能訓練中心,1,0,0,0
社團法人台中市又望早期療育專業發展服務協會,1,0,0,0
觀樹教育基金會,1,0,0,0
中國醫藥學院附設醫院社會工作組,1,0,0,0
南投縣伽俐終生關懷社會福利基金會,1,0,0,0
台中市北屯區三光社區發展協會,1,0,0,0
中華民國全民扶助協會,1,0,0,0
台灣多元教育發展協會,1,0,0,0
台中市私立長生老人養護中心,1,0,0,0
財團法人伊甸基金會中彰投區,1,0,0,0
十方啟智文教基金會附設十方啟能中心,1,0,0,0
台灣老人身心健康促進協會,1,0,0,0
台中市三十張犁婦女福利服務中心,1,0,0,0
慈善寺文教基金會附設台中觀音線,1,0,0,0
財團法人新時代賽斯教育基金會,1,0,0,0
中華大家功德會,1,0,0,0
財團法人利河伯社會福利基金會,1,0,0,0
台中市長期照護品質協會,1,0,0,0
台灣長期照顧發展協會全國聯合會,1,0,0,0
台中市視障者關懷協會,1,0,0,0
台灣鋼琴協會,1,0,0,0
台灣省大專青年服務協會,1,0,0,0
財團法人台中市私立馨安啟智家園,1,0,0,0
社團法人台中市艾馨婦女協進會,1,0,0,0
社團法人台中市天恩社區關懷協會,1,0,0,0
台中市私立鎮瀾兒童家園,1,0,0,0
社團法人台中市蓮心自強服務協會,1,0,0,0
社團法人視網膜色素病變協會,1,0,0,0
台中市身心障礙協會,1,0,0,0
社團法人台中市身心障礙者福利關懷協會,1,0,0,0
基督教水湳聖教會,1,0,0,0
中華扶輪教育基金會,1,0,0,0
社團法人台灣動物保護協進會,1,0,0,0
家園護理之家,1,0,0,0
台中市私立慈馨兒少之家,1,0,0,0
台灣應用行為分析協會,1,0,0,0
基督教台安社會福利慈善事業基金會,1,0,0,0
台中市基督教力行社區關懷協會,1,0,0,0
台中市慈善撒瑪黎雅婦女關懷協會,1,0,0,0
毓祥護理之家(台中市),1,0,0,0
台中市社會關懷服務協會,1,0,0,0
社團法人台中市照顧服務管理協進會,1,0,0,0
惠群護理之家,1,0,0,0
台中市市立德水園身心障礙教養院,1,0,0,0
社團法人台中市山海屯啟智協會(原台中縣啟智協會),1,0,0,0
財團法人陳天信文教基金會,1,0,0,0
台灣關懷地中海型貧血協會,1,0,0,0
台中市山海屯國際生命線協會,1,0,0,0
台中市親子閱讀協會,1,0,0,0
社團法人台中市身心障礙福利協會,1,0,0,0
財團法人台中市私立信望愛智能發展中心,1,0,0,0
台中市山線婦女福利服務中心,1,0,0,0
財團法人台中市私立新希望社會福利基金會,1,0,0,0
台中市身心障礙藝文體育推展協會,1,0,0,0
拓凱教育基金會,1,0,0,0
中彰投區就業服務中心,1,0,0,0
財團法人鞋類暨運動休閒科技研發中心,1,0,0,0
天主教曉明社會福利基金會,1,0,0,0
台灣社區大學教師協會,1,0,0,0
林新醫院,1,0,0,0
中華民國紅十字會台灣省台中市支會,1,0,0,0
台灣基督教門諾會附設私立台中市林森松柏中心,1,0,0,0
社團法人台中市天啟心靈沉澱協會,1,0,0,0
台中市志工服務中心,1,0,0,0
台中市私立群園社會福利基金會,1,0,0,0
中華快樂成長親子協會,1,0,0,0
台灣健康合作發展組織,1,0,0,0
財團法人台中市私立宏恩社會福利慈善基金會,1,0,0,0
中華民國群園關懷協會,1,0,0,0
永齡希望小學中興分校,1,0,0,0
台中市綠川婦女福利服務中心,1,0,0,0
中山醫學大學附設醫院,1,0,0,0
中華民國雲水蘭若文教協會,1,0,0,0
台中市志願服務協會,1,0,0,0
台中市少年輔導委員會,1,0,0,0
中華生活品質關懷協會,1,0,0,0
台灣愛之光公益協會,1,0,0,0
社團法人中華民國潛能劍道協會,1,0,0,0
中華民國儀隊協會,1,0,0,0
社團法人台中縣木棉花愛縣關懷協會,1,0,0,0
財團法人台中市私立精神衛生社福基金會,1,0,0,0
社團法人台中市動靜皆宜童軍發展協會,1,0,0,0
弘光科技大學,1,0,0,0
台中縣脊髓損傷者協會,1,0,0,0
台中市親慈慈善會,1,0,0,0
台灣社區重建協會,1,0,0,0
台灣聖教會,1,0,0,0
台中市私立康善社會福利慈善事業基金會,1,0,0,0
裕元教育基金會,1,0,0,0
社團法人台中市喜樂文化推廣協會,1,0,0,0
台中市春天兒童教育發展協會,1,0,0,0
賢德醫院暨附設護理之家,1,0,0,0
台灣社區安全推廣促進協會,1,0,0,0
社團法人台中市身心障礙福利促進會,1,0,0,0
台中市身心障礙聯盟,1,0,0,0
水美護理之家,1,0,0,0
朝陽科技大學學務處學生發展中心,1,0,0,0
台中市都市原住民族部落文化發展協會,1,0,0,0
亞洲大學社會工作學系,1,0,0,0
財團法人台灣省台中市霧峰光復基督教會,1,0,0,0
台中縣社區婦幼照顧服務協會,1,0,0,0
台中市私立甘霖社會福利慈善事業基金會,1,0,0,0
社團法人台中市藝術人文教育發展協會,1,0,0,0
台中市晚晴婦女協會,1,0,0,0
中華民國紅十字會台中市支會,1,0,0,0
社團法人台灣世界耕義會,1,0,0,0
台中市婦女發展協會,1,0,0,0
財團法人台灣兒童暨家庭扶助基金會（家扶基金會）,1,0,0,0
微龍教育基金會,1,0,0,0
財團法人台灣省私立台中仁愛之家附設靜和醫院,1,0,0,0
台中市優力卡社區服務協會,1,0,0,0
主婦聯盟環境保護基金會台中分事務所,1,0,0,0
財團法人王品戴水社會福利基金會,1,0,0,0
台灣心動家族兒童青少年關懷協會,1,0,0,0
台灣省私立台中仁愛之家附設牡丹園養護所,1,0,0,0
財團法人台福基督教會,1,0,0,0
台中市身心靈研究推廣協會,1,0,0,0
社團法人台中市線上家教促進協會,1,0,0,0
中華民國國秀關懷協會,1,0,0,0
台灣陽光婦女協會,1,0,0,0
財團法人犯罪被害人保護協會台灣台中分會,1,0,0,0
幸福福利文教基金會,1,0,0,0
台灣世界展望會兒少暨婦女保護中心,1,0,0,0
中華芳香照護教育推廣學會,1,0,0,0
財團法人心覺醒文教基金會,1,0,0,0
財團法人合同社會慈善基金會,1,0,0,0
財團法人台灣兒童暨家庭扶助基金會台中南區家扶中心,1,0,0,0
內政部矯具義具與行動輔具資源推廣中心,1,0,0,0
財團法人維他露社會福利慈善事業基金會,1,0,0,0
財團法人上善長青環境保護基金會,1,0,0,0
真佛覺心社會福利慈善基金會,1,0,0,0
德光文教基金會,1,0,0,0
弘道老人福利基金會,1,0,0,0
台中市盲人福利協進會,1,0,0,0
台中市政府勞工局,1,0,0,0
永齡希望小學東海分校,1,0,0,0
富麗文教基金會,1,0,0,0
社團法人台灣家庭健康協會,1,0,0,0
台中市開懷協會 (乳癌病友公益互助團體),1,0,0,0
中華民國喜樂身心靈障礙者福利促進協會伯立歐庇護工場,1,0,0,0
康福護理之家,1,0,0,0
台灣舞蹈治療研究協會,1,0,0,0
台中市私立惠康醫療救濟基金會,1,0,0,0
社團法人台灣育孝功德會,1,0,0,0
台中市私立慶炎慈善會基金會,1,0,0,0
財團法人台中市私立肯納自閉症社會福利基金會,1,0,0,0
第一醫院,1,0,0,0
社團法人台中市慈宥關懷協會,1,0,0,0
中華民國獨居長者關懷協會,1,0,0,0
淨化社會文教基金會台中分會,1,0,0,0
財團法人台灣更生保護會台中分會,1,0,0,0
永信社會福利基金會松柏園養護中心,1,0,0,0
財團法人大甲媽社會福利基金會,1,0,0,0
菩提仁愛之家,1,0,0,0
社團法人台灣基督教好牧人全人關顧協會,1,0,0,0
財團法人伊甸社會福利基金會台中縣分事務所,1,0,0,0
台中縣大雅愛心急難救助協會,1,0,0,0
凱華護理之家,1,0,0,0
台中縣安全暨健康促進協會,1,0,0,0
社團法人台灣人人生活關懷協會,1,0,0,0
社團法人台中縣社區文化協進會,1,0,0,0
台中縣身心障礙體育協會,1,0,0,0
台中縣家庭教育中心,1,0,0,0
台中縣龍井鄉殘障福利協進會,1,0,0,0
台中縣磐頂社區關懷協會,1,0,0,0
財團法人台中縣私立普濟社會福利慈善事業基金會,1,0,0,0
清水老人安養中心,1,0,0,0
社團法人台中縣忘憂草女性成長協會,1,0,0,0
光田綜合醫院,1,0,0,0
國立沙鹿高級工業職業學校特教組,1,0,0,0
慈心社會福利慈善事業基金會,1,0,0,0
台中縣精神健康關懷協會,1,0,0,0
台中縣聲暉協進會,1,0,0,0
台中縣私立聲暉綜合知能發展中心,1,0,0,0
朝陽科技大學社會工作系,1,0,0,0
社團法人台中縣霧峰鄉舊正社區發展協會,1,0,0,0
台中縣阿罩霧文化基金會,1,0,0,0
童綜合醫院,1,0,0,0
台中市泌尿腫瘤關懷協會,1,0,0,0
社團法人台灣記憶運動協會,1,0,0,0
救國團桃園縣諮商輔導中心-『張老師』,1,0,0,0
財團法人華山社會福利慈善事業基金會之桃園天使站,1,0,0,0
財團法人桃園市私立庭芳啟智教養院,1,0,0,0
財團法人華山社會福利慈善事業基金會之大溪天使站,1,0,0,0
中華共學教育發展協會,1,0,0,0
桃園市生命線協會,1,0,0,0
伊甸基金會桃園中心,1,0,0,0
財團法人私立弘化同心共濟會附設桃園縣私立弘化懷幼院,1,0,0,0
國立桃園啟智學校,1,0,0,0
社團法人中華心理衛生協會,1,0,0,0
財團法人桃園縣技職教育文教基金會,1,0,0,0
財團法人桃園縣私立觀音愛心家園,1,0,0,0
財團法人育田社會福利慈善基金會,1,0,0,0
龍華科技大學,1,0,0,0
敏盛綜合醫院社會服務室,1,0,0,0
桃園縣康復之友協會,1,0,0,0
桃園縣私立龍祥精神護理之家,1,0,0,0
財團法人桃園市私立佳安老人長期照顧中心（養護型）,1,0,0,0
社團法人中華民國微光社會福利協會,1,0,0,0
桃園縣私立慈園長期照顧中心,1,0,0,0
社團法人桃園縣佛教無意捨協會,1,0,0,0
社團法人桃園縣自閉症協進會,1,0,0,0
行政院勞工委員會職業訓練局台北區就業服務中心,1,0,0,0
社團法人桃園縣社會工作師公會,1,0,0,0
健鼎關懷教育基金會,1,0,0,0
桃園市基督教女青年會,1,0,0,0
承恩護理之家,1,0,0,0
桃園縣私立樂活育幼院,1,0,0,0
崮崴創意印刷有限公司附設桃園縣谷佳創意印刷庇護工場,1,0,0,0
社團法人桃園縣職能治療師公會,1,0,0,0
桃園縣愛與祥和公益聯盟總會,1,0,0,0
桃園縣文化基金會,1,0,0,0
開放文化基金會,1,0,0,0
社團法人世界和平會．桃園縣志願服務推廣中心,1,0,0,0
桃園縣單親家庭服務中心,1,0,0,0
桃園縣私立育德兒童之家,1,0,0,0
台灣左鄰右舍關懷與照護協會,1,0,0,0
財團法人桃園縣私立聖愛教養院,1,0,0,0
桃園縣台灣基督長老教會迦南教會,1,0,0,0
桃園縣瑞園啟智教養院,1,0,0,0
財團法人桃園縣陳達成慈善文教基金會,1,0,0,0
桃園市志願服務推廣中心,1,0,0,0
中華民國全民法律關懷輔導協會,1,0,0,0
伊甸社會福利基金會桃園職業重建中心,1,0,0,0
社團法人台灣優活山林協會,1,0,0,0
桃園縣衛生局毒品危害防制中心,1,0,0,0
桃園市中壢區衛生所,1,0,0,0
桃園市宣愛社區關懷協會,1,0,0,0
社團法人桃園縣木匠的家關懷協會,1,0,0,0
中央大學,1,0,0,0
社團法人桃園縣群眾服務協會,1,0,0,0
桃園國際青年商會,1,0,0,0
社團法人台灣靛藍天使協會,1,0,0,0
桃園縣腦性麻痺協會,1,0,0,0
祥育啟智教養院,1,0,0,0
社團法人桃園縣拾穗關懷服務協會,1,0,0,0
社團法人桃園縣照顧服務協進會,1,0,0,0
桃園縣私立庭芳啟智教養院,1,0,0,0
桃園縣私立仁友愛心家園,1,0,0,0
桃園縣私立嘉惠啟智教養院,1,0,0,0
桃園縣私立長長教養院,1,0,0,0
財團法人桃園縣私立懷德風箏緣地育幼院,1,0,0,0
桃園縣觀音愛心家園,1,0,0,0
社團法人台灣健忘天使關懷協會,1,0,0,0
林口長庚醫院社會服務處,1,0,0,0
桃園縣志願服務協會,1,0,0,0
明基友達文教基金會,1,0,0,0
社團法人桃園縣新希望關懷協會,1,0,0,0
財團法人桃園縣私立龍潭啟智教養院,1,0,0,0
國軍804醫院精神科 (桃園總醫院),1,0,0,0
財團法人台灣外展教育基金會,1,0,0,0
台灣女性就業發展協會,1,0,0,0
中華婦女創價協會,1,0,0,0
財團法人桃園縣私立怡德養護中心承辦桃園縣蘆竹鄉長期照顧中心,1,0,0,0
桃園縣桃花源青年領袖協會,1,0,0,0
桃園縣私立國宏老人養護中心,1,0,0,0
社團法人桃園縣教育志工聯盟,1,0,0,0
財團法人聯新文教基金會,1,0,0,0
壢新醫院社會工作科,1,0,0,0
桃園縣私立平鎮教養院,1,0,0,0
台灣省天主教會新竹教區附設桃園縣私立愛家發展中心,1,0,0,0
桃園縣私立安康啟智教養院,1,0,0,0
財團法人『張老師』基金會桃園分事務所,1,0,0,0
財團法人桃園縣全興國際文教基金會,1,0,0,0
財團法人華山愛德教育基金會,1,0,0,0
財團法人基督教更生團契附設桃園縣私立少年之家,1,0,0,0
財團法人桃園縣怡仁愛心基金會,1,0,0,0
社團法人桃園縣肢體傷殘協進會,1,0,0,0
桃園縣少年輔導委員會,1,0,0,0
中華民國紅十字會台灣省桃園縣支會,1,0,0,0
桃園縣私立方舟啟智教養院,1,0,0,0
桃園縣楊梅鎮愛心慈善協會,1,0,0,0
桃園縣私立脊髓損傷潛能發展中心,1,0,0,0
財團法人桃園縣私立丞好家園,1,0,0,0
社團法人台灣新移民勞動權益促進會,1,0,0,0
台灣省私立桃園仁愛之家,1,0,0,0
台灣國際兒童村,1,0,0,0
桃園縣心理健康促進協會,1,0,0,0
桃園家庭扶助中心,1,0,0,0
財團法人台灣省桃園縣中國基督教靈糧世界佈道會中壢靈糧堂,1,0,0,0
台灣資訊教育協會,1,0,0,0
伊甸社會福利基金會桃園服務中心,1,0,0,0
伊甸社會福利基金會-北區資源中心桃園組,1,0,0,0
真善美啟能發展中心,1,0,0,0
財團法人桃園縣私立誠信愛心家園,1,0,0,0
桃園縣基督教聖經教會,1,0,0,0
桃園縣南區早期療育社區資源中心,1,0,0,0
財團法人黃烈火社會福利基金會,1,0,0,0
憶聲科技文教基金會,1,0,0,0
是鹽是光音樂事工樂團,1,0,0,0
彰化縣芙蓉兩性關懷成長協會,1,0,0,0
財團法人台南市私立豐德教養院,1,0,0,0
康鑫長照諮詢機構,1,0,0,0
台中市學習障礙協會,1,0,0,0
社團法人台中市空巢之家協會,1,0,0,0
台灣身心障礙者音樂關懷協會,1,0,0,0
舜禹慈善基金會有限公司,1,0,0,0
財團法人朱銘文教基金會,1,0,0,0
財團法人大河文化基金會,1,0,0,0
財團法人台北縣私立錦里社會福利慈善事業基金會,1,0,0,0
財團法人新北市私立台灣天主教安老院,1,0,0,0
新北市智障者家長協會,1,0,0,0
社團法人新北市志願服務協會,1,0,0,0
新北市愛明發展中心,1,0,0,0
行政院勞委會職訓局北基宜花金馬區就業服務中心（板橋站）,1,0,0,0
新北市康復之友協會,1,0,0,0
有限責任台灣區居家服務勞動合作社,1,0,0,0
台灣貧困者扶助協會,1,0,0,0
財團法人大地之子教育基金會,1,0,0,0
社團法人中華小百合關懷協會,1,0,0,0
亞東紀念醫院社會服務,1,0,0,0
台灣園藝輔助治療協會,1,0,0,0
蕭中正醫院,1,0,0,0
新北市政府家庭教育中心,1,0,0,0
台灣創造力機器人協會,1,0,0,0
社團法人中華民國天元慈善功德會,1,0,0,0
新北市私立領袖天下老人養護中心,1,0,0,0
中華民國藍天休閒生活協進會,1,0,0,0
公共網路文教基金會,1,0,0,0
社團法人中華民國自強活動服務員協會,1,0,0,0
台北市美倫國際蘭馨交流協會,1,0,0,0
新北市政府衛生局心理衛生及長期照顧科,1,0,0,0
新北市政府毒品危害防制中心,1,0,0,0
新北市政府長期照顧管理中心,1,0,0,0
聆語言治療所,1,0,0,0
台北縣政府勞工局,1,0,0,0
佛教懷仁基金會中道淨苑板橋中心,1,0,0,0
新北市政府家庭暴力暨性侵害防治中心,1,0,0,0
台北縣志願服務協會,1,0,0,0
台灣安寧照顧協會,1,0,0,0
新北市私立思源老人養護中心,1,0,0,0
淡江大學盲生資源中心,1,0,0,0
財團法人全國認證基金會,1,0,0,0
財團法人雲門文化藝術基金會,1,0,0,0
新北市立豐珠國民中小學,1,0,0,0
社團法人中華民國天慈愛心功德會,1,0,0,0
中華樂活學習發展協會,1,0,0,0
社團法人新北市成人學習推廣協會(蘆荻社區大學),1,0,0,0
新北市私立捷安護理之家,1,0,0,0
新北市蘆洲區愛兒身心障礙協會,1,0,0,0
財團法人蘆洲李宅古蹟維護文教基金會,1,0,0,0
台北縣私立鴻欣老人養護中心,1,0,0,0
行天宮醫療志業醫療財團法人恩主公醫院(社工課),1,0,0,0
伊甸社會福利基金會附設新北市三峽身心障礙福利服務中心,1,0,0,0
清福養老院,1,0,0,0
社團法人中華社區生活品質協進會,1,0,0,0
新北市私立雙連安養中心,1,0,0,0
新北市樂扶庇護工場,1,0,0,0
社團法人新北市社會工作師公會,1,0,0,0
社團法人中華民國啟聰協會,1,0,0,0
新北市私立鴻澄老人長期照顧中心(養護型),1,0,0,0
財團法人天得歐氏慈善基金會,1,0,0,0
中華希望之翼服務協會,1,0,0,0
社團法人台灣360環景協會,1,0,0,0
新北市志願服務推廣中心,1,0,0,0
新北市立聯合醫院,1,0,0,0
中華綠力協會,1,0,0,0
台北縣私立融獻社會福利慈善事業基金會,1,0,0,0
長庚學校財團法人長庚科技大學辦理新北市三重台北橋公共托老中心,1,0,0,0
財團法人天恆文教基金會,1,0,0,0
台北縣私立德愛老人養護中心,1,0,0,0
台北縣原住民族家庭暨婦女服務中心,1,0,0,0
三重社區大學,1,0,0,0
中華民國濟世功德會附設台北縣私立成功清寒植物人安養院,1,0,0,0
財團法人鄭福田文教基金會,1,0,0,0
台灣省私立健順養護中心,1,0,0,0
新北市視障協會,1,0,0,0
佛教僧伽醫護基金會,1,0,0,0
佛教懷仁基金會,1,0,0,0
樹光文化藝術團,1,0,0,0
新北市吉翔庇護工場,1,0,0,0
新北市愛家發展中心,1,0,0,0
社團法人親慈慈善會,1,0,0,0
新北市糕菲膳工坊,1,0,0,0
新北市政府少年輔導委員會,1,0,0,0
社團法人中華民國台北效力志工團,1,0,0,0
社團法人中華民國老人福祉協會,1,0,0,0
台灣生命禮儀慈善關懷協會,1,0,0,0
台灣正念發展協會,1,0,0,0
財團法人淨化社會文教基金會附設新北市私立普賢慈海家園,1,0,0,0
社團法人健康快樂生活協會,1,0,0,0
社團法人世界和平會新北市第一會館,1,0,0,0
財團法人永齡教育基金會,1,0,0,0
財團法人永齡社會福利慈善事業基金會,1,0,0,0
犯罪被害人保護協會台灣板橋分會,1,0,0,0
新北市慈芳關懷中心,1,0,0,0
麗寶文化藝術基金會,1,0,0,0
新北市私立安濟老人養護中心,1,0,0,0
財團法人伊甸社會福利基金會汐止社區家園,1,0,0,0
私立鹽光康復之家,1,0,0,0
新北市保母協會,1,0,0,0
新北市國際生命線協會,1,0,0,0
社團法人台灣超越巔峰關懷癲癇聯盟,1,0,0,0
新北市久大庇護工場,1,0,0,0
中華自然醫學教育學會健康促進教研中心,1,0,0,0
新北市搜救協會,1,0,0,0
研揚文教基金會,1,0,0,0
內政部家庭暴力及性侵害防治委員會,1,0,0,0
財團法人杏陵醫學基金會,1,0,0,0
財團法人中強光電文化藝術基金會,1,0,0,0
台灣被壓迫者劇場推展中心,1,0,0,0
華科事業群慈善基金會,1,0,0,0
財團法人和氣大愛文教基金會,1,0,0,0
社團法人台灣家事專業調解教育學會,1,0,0,0
台北縣多元學習發展協會,1,0,0,0
中華民國獨木舟協會,1,0,0,0
財團法人宏達文教基金會,1,0,0,0
財團法人蒙藏基金會,1,0,0,0
社團法人台灣身心靈全人健康醫學學會,1,0,0,0
財團法人新時代賽斯教育基金會-賽斯公益網路電視台,1,0,0,0
天主教耕莘醫療財團法人耕莘醫院(兒童發展中心),1,0,0,0
中華道統和諧發展總會,1,0,0,0
財團法人神腦科技文教基金會,1,0,0,0
財團法人國紹泌尿科學教育基金會,1,0,0,0
台灣素食營養學會,1,0,0,0
社團法人台灣點一盞燈社會關懷協會,1,0,0,0
亞洲體驗教育學會,1,0,0,0
新北市懷恩印刷設計庇護工場,1,0,0,0
社團法人台灣動物平權促進會,1,0,0,0
新北市幼兒托育職業工會,1,0,0,0
私立全人康復之家,1,0,0,0
新北市私立馨安老人長期照顧中心(養護型),1,0,0,0
新北市新莊區牡丹心社區發展協會,1,0,0,0
中華正義協會,1,0,0,0
財團法人政慧發展社會福利慈善事業基金會,1,0,0,0
財團法人腎臟病防治基金會,1,0,0,0
台灣笑笑功協會,1,0,0,0
私立文德康復之家,1,0,0,0
輔仁大學非營利組織管理碩士學位學程,1,0,0,0
財團法人星沙社會福利基金會,1,0,0,0
真愛護理之家,1,0,0,0
私立佳瑩康復之家,1,0,0,0
行政院衛生署樂生療養院,1,0,0,0
社團法人中華民國聚馨社會服務協會,1,0,0,0
財團法人生命教育基金會,1,0,0,0
台灣動物不再流浪協會,1,0,0,0
社團法人台灣減害協會,1,0,0,0
財團法人靈鷲山慈善基金會,1,0,0,0
永和市藝術教育發展協會,1,0,0,0
社團法人台灣遲緩兒天使樂園協會,1,0,0,0
新北市私立全人兒童發展中心/吳端文感覺統合中心,1,0,0,0
亞太國際勞動人權促進協會,1,0,0,0
財團法人新北市中華基督教慈光教會,1,0,0,0
社團法人台灣千里步道協會,1,0,0,0
聖脈生命教育協會,1,0,0,0
中華民國兒童人權協會,1,0,0,0
中華正向發展協會,1,0,0,0
台灣在地文化交流協會,1,0,0,0
中華國際催眠協會,1,0,0,0
社團法人新北市臨床心理師公會,1,0,0,0
舒閤康復之家,1,0,0,0
財團法人新北市私立榮光育幼院,1,0,0,0
第一社會福利基金會附設中和兒童發展中心,1,0,0,0
台灣多媒體創意教學協會,1,0,0,0
多加幸福婚姻促進協會,1,0,0,0
社團法人台灣南傳佛教關懷生命協會,1,0,0,0
新北市維凱創意印刷庇護工場,1,0,0,0
社團法人123台灣社區培力協會(新中和社區大學),1,0,0,0
社團法人中華仁道關懷協會,1,0,0,0
大同育幼院,1,0,0,0
極光打擊樂團,1,0,0,0
孵夢兒親創意發展協會,1,0,0,0
台北醫學大學署立雙和醫院 精神科,1,0,0,0
財團法新北市私立遊戲橘子關懷社會福利慈善事業基金會,1,0,0,0
社團法人中華設計裝修消費者品質保護協會,1,0,0,0
社團法人台灣全球在地行動公益協會,1,0,0,0
台北市攀岩運動協會,1,0,0,0
國際特赦組織台灣分會,1,0,0,0
瑞信兒童醫療基金會,1,0,0,0
台積電文教基金會,1,0,0,0
財團法人天主教瑪利亞方濟各傳教女修會附設私立米可之家,1,0,0,0
財團法人坤泰文教基金會,1,0,0,0
社團法人新竹市心理衛生協會,1,0,0,0
勞動部勞動力發展署桃竹苗分署新竹就業中心,1,0,0,0
中華民國學而發展協會,1,0,0,0
新竹市天主教仁愛社會福利基金會,1,0,0,0
財團法人交大思源基金會,1,0,0,0
新竹市寬心自在心理諮商所,1,0,0,0
中華親愛家庭協會,1,0,0,0
社團法人新竹市聲暉協會,1,0,0,0
心路社會福利基金會-新竹分會,1,0,0,0
新竹市殘障運動發展協會,1,0,0,0
新竹市社會處(婦女兒童少年福利科),1,0,0,0
救國團新竹諮商輔導中心-「張老師」,1,0,0,0
新竹仁愛兒童之家,1,0,0,0
財團法人漢慈公益基金會,1,0,0,0
向陽公益基金會新竹市向陽學園,1,0,0,0
清華網路文教基金會,1,0,0,0
台灣世界展望會西區辦事處,1,0,0,0
新竹就業中心 賈桃樂學習主題館,1,0,0,0
新竹市基督教懷之青少年關懷協會,1,0,0,0
新竹市生命線協會,1,0,0,0
新竹市基督教女青年會,1,0,0,0
社團法人台灣氣球藝術協會,1,0,0,0
新竹市長期照護管理示範中心,1,0,0,0
伊甸社會福利基金會新竹分事務所,1,0,0,0
台灣生命樹協會,1,0,0,0
國科會科學志工,1,0,0,0
台灣公益服務協會,1,0,0,0
財團法人世界領袖教育基金會,1,0,0,0
社團法人新竹市婦女社團聯合服務協會,1,0,0,0
新竹市私立愛恆啟能中心,1,0,0,0
新竹市褓姆業職業工會,1,0,0,0
新竹常青啟智文教基金會(智能不足者日間托育中心),1,0,0,0
社團法人新竹市腦性麻痺協會,1,0,0,0
新竹市私立天主教仁愛啟智中心,1,0,0,0
少年之家,1,0,0,0
新竹市保護動物協會,1,0,0,0
新竹市私立伯大尼老人養護中心-家樂園日間照顧中心,1,0,0,0
新竹市脊髓損傷者協會,1,0,0,0
財團法人國泰綜合醫院新竹分院,1,0,0,0
社團法人新竹市社會福利發展協會,1,0,0,0
新竹市康復之友協會,1,0,0,0
新竹市教育局,1,0,0,0
財團法人台灣省天主教會新竹教區,1,0,0,0
財團法人台灣省天主教會新竹教區《邊緣青少年服務中心》,1,0,0,0
新竹市聾啞福利協進會,1,0,0,0
中華平等心社會扶正協會,1,0,0,0
財團法人台灣省天主教會新竹教區附設私立藍天家園,1,0,0,0
新竹縣照顧服務人員協會,1,0,0,0
迦恩傳道教育關懷諮商協會,1,0,0,0
財務團法人台灣省私立香園紀念教養院,1,0,0,0
智邦文教基金會,1,0,0,0
財團法人新竹縣私立保順養護中心,1,0,0,0
宜蘭縣榮民服務處,1,0,0,0
社團法人新竹縣志願服務協會,1,0,0,0
新竹縣私立立慈養護中心,1,0,0,0
新竹縣盲人福利協進會,1,0,0,0
新竹縣公益慈善會,1,0,0,0
台灣壯遊協會,1,0,0,0
中華民國紅十字會新竹縣支會,1,0,0,0
財團法人喜憨兒社會福利基金會新竹分事務所,1,0,0,0
梧桐環境整合基金會,1,0,0,0
張宇群職能治療所,1,0,0,0
社團法人新竹縣社區大學發展協會,1,0,0,0
台灣風信子精神障礙者權益促進協會,1,0,0,0
人本教育文教基金會新竹辦公室,1,0,0,0
新竹縣健康家庭文化協會,1,0,0,0
新竹縣生命線協會,1,0,0,0
新竹縣南區社區保母系統,1,0,0,0
財團法人新竹縣私立好生育幼院,1,0,0,0
社團法人群英公益發展協會,1,0,0,0
財團法人天主教長安老人養護中心,1,0,0,0
新竹縣康復之友協會,1,0,0,0
財團法人新竹縣天主教世光教養院附設拙茁家園,1,0,0,0
台北榮民總醫院新竹分院,1,0,0,0
新竹縣天主教世光教養院,1,0,0,0
新竹縣築心生命教育關懷協會,1,0,0,0
社團法人宜蘭縣溫馨家庭促進協會,1,0,0,0
宜蘭縣車禍受難者關懷協會,1,0,0,0
宜蘭縣政府教育局特殊教育資源中心,1,0,0,0
社團法人宜蘭縣光塩生命關懷協會,1,0,0,0
台灣兒童暨家庭扶助基金會宜蘭分事務所,1,0,0,0
宜蘭家庭扶助中心,1,0,0,0
宜蘭縣自閉症者福利協進會,1,0,0,0
宜蘭縣政府社會處,1,0,0,0
社團法人宜蘭縣發展遲緩兒童早期療育協會,1,0,0,0
宜蘭縣生命線協會,1,0,0,0
宜蘭縣戶外休閒活動發展協會,1,0,0,0
台灣休閒農業發展協會,1,0,0,0
財團法人「張老師」基金會宜蘭「張老師」中心,1,0,0,0
財團法人宜蘭縣私立神愛兒童之家,1,0,0,0
宜蘭縣冬山鄉珍珠社區發展協會,1,0,0,0
佛教幸夫社會福利慈善事業基金會,1,0,0,0
社團法人宜蘭縣愛加倍關懷協會,1,0,0,0
佛光大學生命學研究中心,1,0,0,0
財團法人自然環境保護基金會,1,0,0,0
天主教靈醫修女會附設宜蘭縣私立瑪利亞長期照護中心,1,0,0,0
宜蘭縣海洋保護協會,1,0,0,0
社團法人宜蘭縣愛胰協會,1,0,0,0
社團法人 宜蘭縣安安慢飛天使家庭關懷協會,1,0,0,0
台灣南陽義學推廣協會,1,0,0,0
宜蘭縣特教資源中心,1,0,0,0
天主教靈醫會私立聖嘉民啟智中心,1,0,0,0
宜蘭縣失智症照顧服務協會,1,0,0,0
社團法人宜蘭縣早期療育發展遲緩協會,1,0,0,0
慈林教育基金會,1,0,0,0
宜蘭縣私立親水園養護之家,1,0,0,0
宜蘭縣博物館家族協會,1,0,0,0
財團法人宜蘭縣私立慈愛養護院,1,0,0,0
宜蘭縣美容協會,1,0,0,0
宜蘭縣蘭陽救援協會,1,0,0,0
社團法人宜蘭縣普達關懷協會,1,0,0,0
社團法人宜蘭縣蘭雨社會福利協會,1,0,0,0
財團法人陳定南教育基金會,1,0,0,0
社團法人宜蘭縣非營利組織聯盟,1,0,0,0
財團法人宜蘭縣社會福利聯合勸募基金會,1,0,0,0
仰山文教基金會,1,0,0,0
宜蘭縣青年公益發展協會,1,0,0,0
宜蘭普門醫療財團法人普門醫院,1,0,0,0
財團法人方舟教育基金會,1,0,0,0
財團法人宜蘭縣私立鴻德養護院,1,0,0,0
潮厝國小,1,0,0,0
財團法人伊甸社會福利基金會雲林縣分事務所,1,0,0,0
社團法人雲林縣飛耀青年發展協會,1,0,0,0
社團法人雲林縣兒童少年福利保護協會,1,0,0,0
永齡希望小學雲科大分校,1,0,0,0
雲林縣百里香兒童青少年關懷協會,1,0,0,0
雲林縣觀護協會,1,0,0,0
靜萱療養院,1,0,0,0
雲林縣脊髓損傷者協會,1,0,0,0
雲林縣啟智協會,1,0,0,0
雲林縣家庭福利保護協會,1,0,0,0
社團法人雲林縣社會保障協會,1,0,0,0
雲林縣理燙髮美容職業工會,1,0,0,0
雲林縣兒童福利發展協會,1,0,0,0
雲林縣幼兒托育職業工會,1,0,0,0
社團法人雲林縣社會福利工作協會,1,0,0,0
社團法人雲林縣保母協會,1,0,0,0
中華民國多發性硬化症協會,1,0,0,0
中華民國紅十字會台灣省雲林縣支會,1,0,0,0
雲林縣生命線協會,1,0,0,0
雲林縣農業發展促進會,1,0,0,0
財團法人雲林縣私立信義育幼院,1,0,0,0
社團法人雲林縣身心照護協會,1,0,0,0
國立雲林特殊教育學校,1,0,0,0
天主教福安老人療養所,1,0,0,0
雲林縣婦女發展協會,1,0,0,0
雲林縣慈光文教基金會,1,0,0,0
社團法人雲林縣聖心社會關懷協會,1,0,0,0
社團法人台灣非視覺美學教育協會,1,0,0,0
台灣兒童暨家庭扶助基金會雲林分事務所(雲林家扶中心),1,0,0,0
社團法人雲林縣身心障礙福利協會,1,0,0,0
社團法人雲林縣全人關懷協會,1,0,0,0
財團法人天主教若瑟社會福利基金會,1,0,0,0
財團法人台灣更生保護會雲林分會,1,0,0,0
社團法人雲林縣手工藝術協會,1,0,0,0
雲林縣私立健群老人長期照顧中心(養護型),1,0,0,0
財團法人天主教若瑟醫院,1,0,0,0
社團法人雲林縣雲林故事人協會,1,0,0,0
財團法人慶興社會福利基金會,1,0,0,0
財團法人雲林縣洪育人文教育基金會,1,0,0,0
雲林縣口湖鄉老人福利協進會,1,0,0,0
雲林縣私立同仁仁愛之家,1,0,0,0
長青護理之家,1,0,0,0
社團法人雲林縣盲人福利協進會,1,0,0,0
財團法人天主教會嘉義教區附設雲林縣私立華聖啟能發展中心,1,0,0,0
彰化縣自閉症肯納家長協會,1,0,0,0
財團法人天主教會台中教區附設台灣省私立慈愛殘障教養院,1,0,0,0
救國團彰化市諮商輔導中心-「張老師」,1,0,0,0
彰化縣正向行為支持協會,1,0,0,0
中華民國紅十字會台灣省彰化縣支會,1,0,0,0
彰化師大圖書館視障資料組,1,0,0,0
國立彰化師範大學社區心理諮商及潛能發展中心,1,0,0,0
彰化縣長青社會服務協會,1,0,0,0
彰化縣基督教青年會,1,0,0,0
財團法人彰化縣私立博愛服務中心,1,0,0,0
彰化基督教醫院海外醫療中心,1,0,0,0
彰化縣視障者關懷協會,1,0,0,0
彰化縣愛鄰社會福利協會,1,0,0,0
彰化老人養護中心,1,0,0,0
財團法人拓展文教基金會,1,0,0,0
社團法人台灣海星少年關懷協會,1,0,0,0
台灣世界展望會彰雲嘉辦事處,1,0,0,0
彰化縣生命線協會,1,0,0,0
財團法人台灣省私立台中仁愛之家附設慈惠老人養護中心,1,0,0,0
彰化縣政府家庭暴力及性侵害防治中心,1,0,0,0
彰化秀傳紀念醫院,1,0,0,0
中華民國生命動能協會,1,0,0,0
衛生署彰化醫院(精神科),1,0,0,0
護康護理之家,1,0,0,0
財團法人彰化縣立希望社會慈善事業福利基金會,1,0,0,0
財團法人彰化縣私立慈恩老人養護中心,1,0,0,0
彰化縣基督教喜樂保育院,1,0,0,0
中華民國喜樂身心靈障礙者福利促進協會,1,0,0,0
彰化縣私立真善美社會福利慈善事業基金會,1,0,0,0
彰化縣靜元家園,1,0,0,0
財團法人彰化縣私立愛如心老人養護中心,1,0,0,0
彰化縣和美鎮面前社區發展協會,1,0,0,0
彰化縣聲暉協進會,1,0,0,0
台灣兒童暨家庭扶助基金會彰化分事務所,1,0,0,0
財團法人彰化縣茉莉園社福慈善基金會,1,0,0,0
天主教會台中教區附設彰化縣私立聖母聖心啟智中心,1,0,0,0
秀傳醫療財團法人彰濱秀傳紀念醫院,1,0,0,0
彰化縣鹿港鎮南勢社區發展協會,1,0,0,0
彰化縣啟智協進會,1,0,0,0
彰化基督教醫院鹿基分院,1,0,0,0
葳群公益慈善事業基金會,1,0,0,0
社團法人彰化縣疼厝邊社會福利協會,1,0,0,0
內政部中區老人之家,1,0,0,0
中華民國聾啞資源協會,1,0,0,0
社團法人彰化縣新移民協會,1,0,0,0
社團法人彰暉愛心慈善會,1,0,0,0
天主教會台中教區附設彰化縣私立聖家啟智中心,1,0,0,0
社團法人彰化縣志願服務協會,1,0,0,0
社團法人彰化縣自立生活協會,1,0,0,0
半線文教基金會,1,0,0,0
敦仁醫院(社會工作科),1,0,0,0
犯罪被害人保護協會台灣彰化分會,1,0,0,0
彰化縣居家關懷服務協會,1,0,0,0
國立彰化師範大學文教基金會,1,0,0,0
保險傳播基金會,1,0,0,0
春生堂護理之家,1,0,0,0
財團法人彰化縣音樂教育發展文化基金會,1,0,0,0
 財團法人宏恩社會福利慈善基金會,0,1,0,0
愛卡(aCARD)國際志工,0,1,0,0
財團法人愛心第二春文教基金會,0,1,0,0
財團法人成長文教基金會-台北市嬰幼兒物資交流中心,0,1,0,0
財團法人華山社會福利慈善事業基金會前鎮愛心天使站,0,1,0,0
財團法人基督教橄欖文化事業基金會,0,1,0,0
財團法人蓮心園社會福利慈善事業基金會,0,1,0,0
財團法人台北市文化基金會表演藝術節統籌部,0,1,0,0
財團法人台灣工銀教育基金會(IBTEF),0,1,0,0
財團法人臺南市私立靜觀社會福利慈善事業基金會附設螢火蟲社區日間作業坊,0,1,0,0
財團法人桃園縣真善美社會福利基金會 ,0,1,0,0
財團法人萬海航運社會福利慈善事業基金會,0,1,0,0
財團法人梧桐環境整合基金會,0,1,0,0
財團法人星星兒社會福利基金會,0,1,0,0
財團法人張老師基金會台中分事務所,0,1,0,0
財團法人中華民國婦聯聽障文教基金會附設台北市私立至德聽語中心,0,1,0,0
財團法人中華民國婦聯聽障文教基金會附設台中至德聽語中心,0,1,0,0
財團法人中華民國自閉症基金會  ,0,1,0,0
彩虹酷兒健康文化中心,0,1,0,0
朝興基金會,0,1,0,0
晨陽學園(社團法人彰化縣愛鄰社會福利協會),0,1,0,0
婦女救援基金會,0,1,0,0
高雄市流浪動物保育協會,0,1,0,0
國立屏東科技大學保育類野生動物收容中心,0,1,0,0
紅龜好事推動協會,0,1,0,0
華山基金會-土庫愛心天使站,0,1,0,0
環宇國際文化教育基金會,0,1,0,0
荒野保護協會,0,1,0,0
荒野保護協會 台北分會,0,1,0,0
角落微光文化,0,1,0,0
接棒啟蒙計劃,0,1,0,0
金車教育基金會,0,1,0,0
炬輪技藝發展協會,0,1,0,0
流浪動物花園協會,0,1,0,0
龍應台文化基金會,0,1,0,0
屏東公益天地,0,1,0,0
屏東縣海青青弘會,0,1,0,0
屏東縣獅子鄉原住民族家庭服務中心,0,1,0,0
屏東縣希望家園協進會,0,1,0,0
善耕365,0,1,0,0
社團法人高雄市康復之友協會,0,1,0,0
社團法人高雄市普門慈幼慈善會(高委會),0,1,0,0
社團法人高雄市螢火蟲兒童服務育樂協會,0,1,0,0
社團法人台北市意外事故關懷協會,0,1,0,0
社團法人台灣愛狗人協會,0,1,0,0
社團法人台灣黑熊保育協會,0,1,0,0
社團法人台灣蝴蝶保育學會,0,1,0,0
社團法人台灣全民食物銀行協會,0,1,0,0
社團法人台灣全球在地行動公益協會 Glocal Action,0,1,0,0
社團法人台灣預防醫學學會,0,1,0,0
社團法人台中市漢妮之家公益發展協會,0,1,0,0
社團法人臺東縣失智者關懷協會,0,1,0,0
社團法人臺南市南瀛脊髓損傷關懷協會,0,1,0,0
社團法人臺南市憂鬱症關懷協會,0,1,0,0
社團法人臺灣非視覺美學教育協會,0,1,0,0
社團法人臺灣畫話協會,0,1,0,0
社團法人臺灣夢想城鄉營造協會,0,1,0,0
社團法人臺中市社區文化協進會,0,1,0,0
社團法人桃園市智障者家長協會,0,1,0,0
社團法人新北市喜樂關懷協會,0,1,0,0
社團法人新北市照顧生命協會,0,1,0,0
社團法人新時代家園關懷協會,0,1,0,0
社團法人宜蘭縣宜萱婦幼關懷協會,0,1,0,0
社團法人彰化縣啓智協進會,0,1,0,0
社團法人中華慈宥婦幼關懷協會,0,1,0,0
社團法人中華大家功德會,0,1,0,0
社團法人中華單親家庭互助協會,0,1,0,0
社團法人中華民國關懷生命協會,0,1,0,0
社團法人中華民國國際幼兒教育協會,0,1,0,0
社團法人中華民國晴天社會福利協會 ,0,1,0,0
社團法人中華民國文化教育推廣協會,0,1,0,0
聖安娜之家,0,1,0,0
聖功社會福利慈善基金會 芥子園,0,1,0,0
台北市教師會,0,1,0,0
台東縣原住民身心障礙者福利協進會,0,1,0,0
台南市社團法人癲癇之友協會,0,1,0,0
台南市政府委託民間辦理台南市歸仁嬰幼兒發展中心,0,1,0,0
台南市燭善善心會,0,1,0,0
台南雅比斯關懷協會,0,1,0,0
台灣愛樹保育協會,0,1,0,0
台灣動物保護協進會,0,1,0,0
台灣兒童伊比力斯協會,0,1,0,0
台灣扶輪公益網,0,1,0,0
台灣公益資訊中心,0,1,0,0
台灣盲人重建院,0,1,0,0
台灣樸門永續發展協會,0,1,0,0
台灣千里步道協會,0,1,0,0
台灣同伴動物扶助協會,0,1,0,0
台新銀行公益慈善基金會,0,1,0,0
臺北市動物之家志工隊-活動組,0,1,0,0
臺北市信義老人服務中心,0,1,0,0
臺北市政府社會局,0,1,0,0
臺中市青少年福利服務中心,0,1,0,0
臺中市義愛文化培育協會,0,1,0,0
衛生福利部中央健康保險署臺北業務組,0,1,0,0
鄉夏Life 旅行志工驛站(港仔課輔班),0,1,0,0
新北市汐止少年福利服務中心,0,1,0,0
新北市自閉症適應體育推廣協會,0,1,0,0
陽光基金會,0,1,0,0
雲林縣關懷動物協會,0,1,0,0
展翼合唱團暨視障天使協力車隊,0,1,0,0
å,0,1,0,0
CCSA中華育幼機構兒童關懷協會,0,1,0,0
iEARN Taiwan (台灣國際教育資源網學會),0,1,0,0
TVBS關懷台灣文教基金會,0,1,0,0
United Way of Taiwan 聯合勸募協會,0,1,0,0
（財團法人台灣基督長老教會原住民宣道會）台灣基督長老教會原住民社區發展中心,0,0,1,0
財團法人「張老師」基金會高雄分事務所,0,0,1,0
財團法人「張老師」基金會台北諮商輔導中心（以0597為準）,0,0,1,0
財團法人「張老師」基金會台中分事務所,0,0,1,0
財團法人白茂榮社區教育基金會,0,0,1,0
財團法人布農文教基金會,0,0,1,0
財團法人陳重光文教基金會,0,0,1,0
財團法人赤子心教育基金會,0,0,1,0
財團法人慈懷社會福利基金會慈懷園,0,0,1,0
財團法人崔媽媽基金會,0,0,1,0
財團法人導航基金會,0,0,1,0
財團法人都市人基金會,0,0,1,0
財團法人法律扶助基金會,0,0,1,0
財團法人感恩社會福利慈善基金會,0,0,1,0
財團法人高雄基督教信義醫院附設高雄市私立方舟養護之家,0,0,1,0
財團法人高雄市基督教青年會,0,0,1,0
財團法人高雄市私立慈暉關懷學園,0,0,1,0
財團法人高雄市私立紅十字會育幼中心,0,0,1,0
財團法人高雄市私立聖淵啟仁中心,0,0,1,0
財團法人高雄縣私立霐漟社會福利慈善事業基金會,0,0,1,0
財團法人關懷長青文教基金會,0,0,1,0
財團法人光寶文教基金會,0,0,1,0
財團法人國際單親兒童文教基金會,0,0,1,0
財團法人護理人員愛滋病防治基金會,0,0,1,0
財團法人花蓮縣基督教福丁原住民發展中心,0,0,1,0
財團法人花蓮縣私立美崙啟能發展中心,0,0,1,0
財團法人基督教更生團契,0,0,1,0
財團法人基督教更生團契台南區會,0,0,1,0
財團法人基督教更生團契彰化區會,0,0,1,0
財團法人基督教基隆靈糧堂,0,0,1,0
財團法人基督教芥菜種會附設私立花蓮少年之家,0,0,1,0
財團法人基督教浸信會,0,0,1,0
財團法人基督教救世軍,0,0,1,0
財團法人基督教台灣信義會,0,0,1,0
財團法人基督教台中更生團契,0,0,1,0
財團法人開拓文教基金會,0,0,1,0
財團法人老五老基金會-石牌中心,0,0,1,0
財團法人勵馨社會福利事業基金會附設台北市私立基督教佳音學舍,0,0,1,0
財團法人勵馨社會福利事業基金會高雄站,0,0,1,0
財團法人勵馨社會福利事業基金會屏東站,0,0,1,0
財團法人勵馨社會福利事業基金會少年服務部,0,0,1,0
財團法人勵馨社會福利事業基金會台中站,0,0,1,0
財團法人門諾社會福利慈善事業基金會花蓮縣身心障礙福利服務中心,0,0,1,0
財團法人民間司法改革基金會,0,0,1,0
財團法人南方文教基金會,0,0,1,0
財團法人南投縣私立傑瑞社會福利基金會,0,0,1,0
財團法人南投縣私立傑瑞社會福利基金會附設南投縣私立傑瑞老人安養中心,0,0,1,0
財團法人南投縣私立南投仁愛之家,0,0,1,0
財團法人彭婉如文教基會會台南辦公室,0,0,1,0
財團法人彭婉如文教基會會台中縣辦公室,0,0,1,0
財團法人彭婉如文教基金會台北縣辦公室,0,0,1,0
財團法人屏東縣私立基督教伯大尼之家,0,0,1,0
財團法人屏東縣私立椰子園老人養護之家,0,0,1,0
財團法人千禧龍青年基金會,0,0,1,0
財團法人切膚之愛社會福利慈善事業基金會,0,0,1,0
財團法人晴光文教基金會,0,0,1,0
財團法人人本教育文教基金會南部聯合辦公室,0,0,1,0
財團法人若竹兒教育基金會,0,0,1,0
財團法人若竹兒教育基金會附設嘉義市私立若竹兒智能發展中心,0,0,1,0
財團法人社會發展文教基金會,0,0,1,0
財團法人生命之愛文教基金會,0,0,1,0
財團法人雙溪啟智文教基金會,0,0,1,0
財團法人私立台東基督教阿尼色弗兒童之家,0,0,1,0
財團法人台北市光智社會事業基金會,0,0,1,0
財團法人台北市基督教校園福音團契飛颺青少年成長中心,0,0,1,0
財團法人台北市立心慈善基金會,0,0,1,0
財團法人台北市立心慈善基金會--台北市萬華兒童福利服務中心,0,0,1,0
財團法人台北市視障音樂文教基金會,0,0,1,0
財團法人台北市樹仁社會福利基金會附設台北市私立彩虹村家園,0,0,1,0
財團法人台北市私立得榮社會福利基金會,0,0,1,0
財團法人台北市私立台北傷殘服務中心,0,0,1,0
財團法人台北市私立體惠育幼院,0,0,1,0
財團法人台北市私立同舟發展中心,0,0,1,0
財團法人台北市私立祥好老人養護所,0,0,1,0
財團法人台北市私立自立社區學園,0,0,1,0
財團法人台北市中國基督教靈糧世界佈道會士林靈糧堂-士林老人服務中心,0,0,1,0
財團法人台北縣私立秀旺社會福利慈善事業基金會,0,0,1,0
財團法人台東縣私立牧心智能發展中心,0,0,1,0
財團法人台東縣私立台東仁愛之家,0,0,1,0
財團法人台南市基督教青年會社福基金會台南市兒福中心,0,0,1,0
財團法人台南市基督教青年會社會福利慈善事業基金會,0,0,1,0
財團法人台南市基督教青年會社會福利慈善事業基金會承辦台南市安平區老人文康中心,0,0,1,0
財團法人台南市基督教青年會社會福利慈善事業基金會承辦台南市示範托兒所,0,0,1,0
財團法人台南市私立母佑會社會福利慈善基金會,0,0,1,0
財團法人台南縣私立慶美社會福利慈善事業基金會附設兒童福利服務中心,0,0,1,0
財團法人台南縣私立長泰教養院,0,0,1,0
財團法人台灣兒童暨家庭扶助基金會大同育幼院,0,0,1,0
財團法人台灣兒童暨家庭扶助基金會附設台中市私立家扶希望學園,0,0,1,0
財團法人台灣兒童暨家庭扶助基金會高雄市分事務所,0,0,1,0
財團法人台灣兒童暨家庭扶助基金會高雄縣分事務所,0,0,1,0
財團法人台灣兒童暨家庭扶助基金會基隆分事務所,0,0,1,0
財團法人台灣兒童暨家庭扶助基金會嘉義分事務所,0,0,1,0
財團法人台灣兒童暨家庭扶助基金會苗栗分事務所,0,0,1,0
財團法人台灣兒童暨家庭扶助基金會台東分事務所,0,0,1,0
財團法人台灣兒童暨家庭扶助基金會台中市分事務所,0,0,1,0
財團法人台灣兒童暨家庭扶助基金會台中縣分事務所,0,0,1,0
財團法人台灣兒童暨家庭扶助基金會宜蘭分事務所,0,0,1,0
財團法人台灣基督教門諾會附設花蓮縣私立善牧中心,0,0,1,0
財團法人台灣基督長老教會殘障關懷中心,0,0,1,0
財團法人台灣基督長老教會東部中會太麻里教會,0,0,1,0
財團法人台灣基督長老教會附設身心障礙關懷中心,0,0,1,0
財團法人台灣基督長老教會加利利宣教中心附設臺南市私立希望之家,0,0,1,0
財團法人台灣基督長老教會力發教會,0,0,1,0
財團法人台灣基督長老教會眉溪教會,0,0,1,0
財團法人台灣基督長老教會蒙恩教會,0,0,1,0
財團法人台灣基督長老教會台中中會,0,0,1,0
財團法人台灣基督長老教會泰雅爾中會/水田基督長老教會,0,0,1,0
財團法人台灣省苗栗縣公館教會聚會所附設青少年服務中心,0,0,1,0
財團法人台灣省山地基督教長老教會靜觀教會,0,0,1,0
財團法人台灣省私立健順養護中心,0,0,1,0
財團法人台灣省私立向上社會福利基金會附屬台中光音育幼院,0,0,1,0
財團法人台灣省私立向上社會福利基金會附屬台中育嬰院,0,0,1,0
財團法人台灣省台南市天主教仁愛修女會附設台南市私立老吾老養護中心,0,0,1,0
財團法人台灣省台中縣霧峰光復基督教會,0,0,1,0
財團法人台灣省天主教會新竹教區附設邊緣青少年服務中心,0,0,1,0
財團法人台灣省天主教會新竹教區附設桃園縣私立愛家發展中心,0,0,1,0
財團法人台灣省天主教會新竹教區附設新竹縣私立長安老人養護中心,0,0,1,0
財團法人台灣省天主教會新竹教區苗栗縣私立聖家啟智中心,0,0,1,0
財團法人台灣省香園紀念教養院,0,0,1,0
財團法人台灣聖公會--基隆聖三一堂,0,0,1,0
財團法人台灣聖公會牧愛堂,0,0,1,0
財團法人台中市慈善寺文教基金會,0,0,1,0
財團法人台中市私立普濟社會福利慈善事業基金會,0,0,1,0
財團法人台中市私立群園社會福利基金會,0,0,1,0
財團法人台中縣私立弘毓社會福利慈善事業基金會,0,0,1,0
財團法人臺北市喜樂家族社會福利基金會,0,0,1,0
財團法人臺南市私立蓮心園社會福利慈善事業基金會附設啟智中心,0,0,1,0
財團法人臺灣基督教迦南會,0,0,1,0
財團法人臺灣省苗栗縣公館教會聚會所附設牧羊人之家,0,0,1,0
財團法人臺灣省私立永信社會福利基金會,0,0,1,0
財團法人臺中市私立精神衛生社福基金會,0,0,1,0
財團法人臺中市私立聲暉綜合知能發展中心,0,0,1,0
財團法人桃園縣基督教聖經教會,0,0,1,0
財團法人桃園縣私立國宏社會福利慈善事業基金會,0,0,1,0
財團法人桃園縣私立仁友愛心家園,0,0,1,0
財團法人桃園縣私立天主教奇恩智能發展中心,0,0,1,0
財團法人天主教伯利恆文教基金會承辦台南縣北區嬰幼兒發展中心,0,0,1,0
財團法人天主教福利會附設台北市私立青友中心,0,0,1,0
財團法人天主教光仁社會福利基金會附設台北市私立育仁啟智中心,0,0,1,0
財團法人天主教光仁社會福利基金會附設育仁啟能中心,0,0,1,0
財團法人天主教花蓮教區附設安德啟智中心,0,0,1,0
財團法人天主教會花蓮教區,0,0,1,0
財團法人天主教會花蓮教區-成功鎮原住民家庭暨服務中心,0,0,1,0
財團法人天主教會花蓮教區附設花蓮縣私立聲遠老人養護之家,0,0,1,0
財團法人天主教會花蓮教區富里鄉原住民家庭暨婦女服務中心,0,0,1,0
財團法人天主教會花蓮教區秀林鄉原住民家庭暨婦女服務中心,0,0,1,0
財團法人天主教會嘉義教區附設嘉義縣私立聖心教養院,0,0,1,0
財團法人天主教會台北教區,0,0,1,0
財團法人天主教會台北教區附設活泉身心靈整合中心,0,0,1,0
財團法人天主教會台中教區附設南投縣私立玫瑰啟能訓練中心,0,0,1,0
財團法人天主教會台中教區附設臺灣省私立慈愛殘障教養院,0,0,1,0
財團法人天主教會台中教區附設彰化縣私立聖家啟智中心,0,0,1,0
財團法人天主教會台中教區附設彰化縣私立聖母聖心啟智中心,0,0,1,0
財團法人天主教會台中教區原住民總鐸區,0,0,1,0
財團法人天主教靈醫會私立聖嘉民啟智中心,0,0,1,0
財團法人天主教靈醫修女會附設宜蘭縣私立瑪利亞老人長期照顧中心(養護型),0,0,1,0
財團法人天主教遣使會附設宜蘭縣私立聖方濟安老院,0,0,1,0
財團法人天主教善牧社會福利基金會(附設信心家園),0,0,1,0
財團法人天主教善牧社會福利基金會附設德莉之家,0,0,1,0
財團法人天主教善牧社會福利基金會附設德蓮之家,0,0,1,0
財團法人天主教善牧社會福利基金會附設德心之家,0,0,1,0
財團法人天主教善牧社會福利基金會附設兒童心理諮商中心,0,0,1,0
財團法人天主教善牧社會福利基金會附設台北善牧學園,0,0,1,0
財團法人天主教善牧社會福利基金會附設台中市親心家園,0,0,1,0
財團法人天主教善牧社會福利基金會附設萬華少年服務中心,0,0,1,0
財團法人天主教善牧社會福利基金會家庭服務中心,0,0,1,0
財團法人天主教聖母聖心會,0,0,1,0
財團法人天主教聖母聖心修女會曉明老人福利服務館,0,0,1,0
財團法人天主教失智老人社會福利基金會附設台北市私立聖若瑟失智老人養護中心,0,0,1,0
財團法人天主教臺南市私立德蘭啟智中心,0,0,1,0
財團法人天主教臺南市私立蘆葦啟智中心,0,0,1,0
財團法人天主教曉明社會福利基金會,0,0,1,0
財團法人微龍教育基金會,0,0,1,0
財團法人喜憨兒社會福利基金會附設高雄市私立紫羅蘭園,0,0,1,0
財團法人喜憨兒社會福利基金會附設台北市私立喜憨兒社區照顧中心,0,0,1,0
財團法人喜憨兒社會福利基金會附設新竹市私立喜憨兒中心,0,0,1,0
財團法人喜憨兒社會福利金會附設社區照護中心-玫瑰園,0,0,1,0
財團法人心路社會福利基金會成人服務資源中心,0,0,1,0
財團法人心路社會福利基金會附設台北市私立心路社區家園,0,0,1,0
財團法人心路社會福利基金會附設心路洗衣坊,0,0,1,0
財團法人心園文教基金會,0,0,1,0
財團法人新北市基督教晨曦會,0,0,1,0
財團法人新北市私立樂山園社會福利慈善事業基金會,0,0,1,0
財團法人新竹常青啟智文教基金會,0,0,1,0
財團法人新竹市私立愛恆啟能中心,0,0,1,0
財團法人幸福福利文教基金會,0,0,1,0
財團法人雅文兒童聽語文教基金會南區中心,0,0,1,0
財團法人陽光社會福利基金附設陽光之家,0,0,1,0
財團法人陽光社會福利基金會附設私立南區服務中心,0,0,1,0
財團法人陽光社會福利基金會附設台北市私立陽光重建中心,0,0,1,0
財團法人伊甸社會福利基金會-花蓮分事務所,0,0,1,0
財團法人伊甸社會福利基金會辦理台北市北投老人服務中心,0,0,1,0
財團法人伊甸社會福利基金會辦理台北市一壽重殘養護中心,0,0,1,0
財團法人伊甸社會福利基金會附設台北縣三峽身心障礙福利服務中心,0,0,1,0
財團法人伊甸社會福利基金會附設中區服務中心,0,0,1,0
財團法人伊甸社會福利基金會高雄市事務所(屏南服務中心),0,0,1,0
財團法人伊甸社會福利基金會高雄市事務所高雄縣職業重建中心,0,0,1,0
財團法人伊甸社會福利基金會高雄市事務所美門服務中心,0,0,1,0
財團法人伊甸社會福利基金會南投921庇護工場,0,0,1,0
財團法人伊甸社會福利基金會桃園縣分事務所,0,0,1,0
財團法人伊甸社會福利基金會新竹分事務所,0,0,1,0
財團法人以琳基督徒中心,0,0,1,0
財團法人宜蘭縣私立佛教幸夫社會福利慈善事業基金會附設幸夫愛兒園,0,0,1,0
財團法人宜蘭縣私立蘭陽仁愛之家,0,0,1,0
財團法人育成社會福利基金會附設台北市私立育成裕民發展中心,0,0,1,0
財團法人預防醫學基金會,0,0,1,0
財團法人張老師基金會,0,0,1,0
財團法人彰化縣私立慈恩社會福利慈善事業基金會,0,0,1,0
財團法人彰化縣私立基督教喜樂保育院,0,0,1,0
財團法人中華兒童暨家庭扶助基金會附設臺北縣私立兒童發展學園,0,0,1,0
財團法人中華兒童暨家庭扶助基金會台北北區家庭扶助中心,0,0,1,0
財團法人中華兒童暨家庭扶助基金會台北縣家庭扶助中心,0,0,1,0
財團法人中華基督教伯特利會總會附設花蓮縣私立長榮養護院,0,0,1,0
財團法人中華基督教碇內浸信會（傳愛社區服務中心）,0,0,1,0
財團法人中華基督教福音信義傳道會附設台中縣私立信義老人養護中心,0,0,1,0
財團法人中華民國發展遲緩兒童基金會,0,0,1,0
財團法人周大觀文教基金會,0,0,1,0
常青啟智文教基金會附設智能不足者日間托育中心,0,0,1,0
兒童福利聯盟中區辦事處,0,0,1,0
高雄律師公會（平民法律服務中心）,0,0,1,0
高雄市婦女會,0,0,1,0
高雄市基督教家庭服務協會,0,0,1,0
高雄市家庭健康維護協會,0,0,1,0
高雄市甲仙區小林社區發展協會,0,0,1,0
高雄市林園魔法屋愛鄉協會,0,0,1,0
高雄市聾啞福利協進會,0,0,1,0
高雄市茂林原住民婦幼發展協會,0,0,1,0
高雄市前金區長城社區發展協會,0,0,1,0
高雄市新興啟能照護中心,0,0,1,0
高雄市新造創意全人關懷協會,0,0,1,0
高雄市音律活化健康協會,0,0,1,0
高雄市原生植物園創價協會,0,0,1,0
高雄縣美濃鎮愛鄉協進會,0,0,1,0
高雄縣旗山區兒童早期療育發展中心,0,0,1,0
國立台灣大學社會系,0,0,1,0
國立中央大學學習科技研究中心,0,0,1,0
花蓮基督教女青年會,0,0,1,0
花蓮縣觀光發展暨家庭關懷協會,0,0,1,0
花蓮縣牛根草社區發展促進會,0,0,1,0
花蓮縣陪你走社會關懷協會,0,0,1,0
惠光導盲犬教育基金會,0,0,1,0
基督教台灣信義會全人關懷中心,0,0,1,0
基隆市失業勞工保護協會,0,0,1,0
基隆市政府委託財團法人伊甸社會福利基金會辦理基隆市身心障礙福利服務中心,0,0,1,0
嘉義縣民雄鄉西昌社區發展協會,0,0,1,0
立達啟能訓練中心,0,0,1,0
滿洲鄉港仔社區發展協會,0,0,1,0
美商花旗銀行,0,0,1,0
苗栗縣發展遲緩兒童早期療育個案管理中心,0,0,1,0
苗栗縣觀護協會,0,0,1,0
苗栗縣頭屋鄉象山社區發展協會,0,0,1,0
南投縣埔里鎮鄉情展望會,0,0,1,0
澎湖縣私立財團法人天主教澎湖教區附設惠民啟智中心,0,0,1,0
屏東基督教勝利之家承辦屏東縣北區發展遲緩兒童早期療育通報轉介中心,0,0,1,0
屏東縣海口人社區經營協會,0,0,1,0
屏東縣水噹噹關懷協會,0,0,1,0
屏東縣泰武鄉平和社區發展協會,0,0,1,0
屏東縣霧台鄉愛鄉發展協會,0,0,1,0
屏東縣霧台鄉大武部落就地重建協會,0,0,1,0
日光郡社區管理委員會,0,0,1,0
社團法人高雄市大崗山康復之友協會,0,0,1,0
社團法人高雄市兒童青少年曙光協會,0,0,1,0
社團法人高雄市關懷海洋性貧血協會,0,0,1,0
社團法人高雄市關懷魚鱗癬協會,0,0,1,0
社團法人高雄市憨兒就業輔導協會,0,0,1,0
社團法人高雄市基督教豐收協會,0,0,1,0
社團法人高雄市基督教福氣教會,0,0,1,0
社團法人高雄市佳音社區營造協會,0,0,1,0
社團法人高雄市金齡協會,0,0,1,0
社團法人高雄市美濃農村田野學會,0,0,1,0
社團法人高雄市腦性麻痺服務協會,0,0,1,0
社團法人高雄市濃德看護慈善協會,0,0,1,0
社團法人高雄市女性行動協會,0,0,1,0
社團法人高雄市啟智協進會,0,0,1,0
社團法人高雄市青少年關懷協會,0,0,1,0
社團法人高雄市仁武慈暉志願協會,0,0,1,0
社團法人高雄市三民區安泰社區發展協會,0,0,1,0
社團法人高雄市傷殘服務協會,0,0,1,0
社團法人高雄市社福慈善團體聯合會,0,0,1,0
社團法人高雄市社區大學促進會,0,0,1,0
社團法人高雄市腎臟關懷協會,0,0,1,0
社團法人高雄市十點十分生命關懷協會,0,0,1,0
社團法人高雄市視而不見關懷協會,0,0,1,0
社團法人高雄市雙峰關懷協會,0,0,1,0
社團法人高雄市天主教加大博愛協會,0,0,1,0
社團法人高雄市心手相連關懷協會,0,0,1,0
社團法人高雄市尋聲父母教育協會,0,0,1,0
社團法人高雄市肢體障礙協會,0,0,1,0
社團法人高雄縣康復之友協會,0,0,1,0
社團法人高雄縣社區營造協會,0,0,1,0
社團法人高雄縣心理復健家屬關懷協會,0,0,1,0
社團法人高雄縣原住民婦女永續發展協會,0,0,1,0
社團法人高雄縣灼燙傷協會,0,0,1,0
社團法人花蓮縣持修積善協會,0,0,1,0
社團法人花蓮縣大比大家庭關懷協會,0,0,1,0
社團法人花蓮縣兒童暨家庭關懷協會,0,0,1,0
社團法人花蓮縣角石生命發展協會,0,0,1,0
社團法人花蓮縣生命線協會,0,0,1,0
社團法人花蓮縣聽障協進會,0,0,1,0
社團法人花蓮縣喜樂關懷協會,0,0,1,0
社團法人花蓮縣新象社區交流協會,0,0,1,0
社團法人花蓮縣幸福協會,0,0,1,0
社團法人花蓮縣原住民族產業整合暨社會服務協會,0,0,1,0
社團法人花蓮縣智障福利協進會,0,0,1,0
社團法人基隆市脊髓損傷者協會,0,0,1,0
社團法人基隆市腎友協會,0,0,1,0
社團法人基隆市生命線協會,0,0,1,0
社團法人基隆市自閉症家長協會,0,0,1,0
社團法人嘉義市癌症關懷協會,0,0,1,0
社團法人嘉義市基督教青年會,0,0,1,0
社團法人嘉義市腦性麻痺協會,0,0,1,0
社團法人嘉義市聲暉協進會,0,0,1,0
社團法人嘉義市智障福利協進會,0,0,1,0
社團法人嘉義縣脊髓損傷者協會,0,0,1,0
社團法人嘉義縣盲人福利協進會,0,0,1,0
社團法人嘉義縣聽語多重障礙褔利協進會,0,0,1,0
社團法人嘉義縣肢體殘障福利協進會,0,0,1,0
社團法人嘉義縣志願服務協會,0,0,1,0
社團法人嘉義縣智障者家長協會,0,0,1,0
社團法人金門縣婦女權益促進會,0,0,1,0
社團法人金門縣身心障礙福利協進會,0,0,1,0
社團法人苗栗縣脊髓損傷者協會,0,0,1,0
社團法人苗栗縣康復之友協會,0,0,1,0
社團法人苗栗縣身心障礙燭光技能發展協會,0,0,1,0
社團法人苗栗縣聲暉協進會,0,0,1,0
社團法人苗栗縣視覺障礙者福利協進會,0,0,1,0
社團法人苗栗縣銀髮族照顧協會,0,0,1,0
社團法人苗栗縣智障福利協進會,0,0,1,0
社團法人南投縣慈慧善行協會,0,0,1,0
社團法人南投縣婦女會,0,0,1,0
社團法人南投縣脊髓損傷者協會,0,0,1,0
社團法人南投縣家庭照顧者關懷協會,0,0,1,0
社團法人南投縣鹿谷鄉清水溝重建工作協會,0,0,1,0
社團法人南投縣蒙愛家庭關懷協會,0,0,1,0
社團法人南投縣社區家庭支援協會,0,0,1,0
社團法人南投縣生活重建協會,0,0,1,0
社團法人南投縣生命線協會辦理中寮鄉第二生活重建服務中心,0,0,1,0
社團法人南投縣天主教山地服務研究社,0,0,1,0
社團法人南投縣中寮鄉龍眼林福利協會,0,0,1,0
社團法人南投縣竹山鎮愛加倍協會,0,0,1,0
社團法人澎湖縣彩繪人生協會,0,0,1,0
社團法人澎湖縣照顧服務協會,0,0,1,0
社團法人澎湖縣智障者家長協會,0,0,1,0
社團法人屏東縣慈善團體聯合協會,0,0,1,0
社團法人屏東縣瑪家鄉全人發展照護關懷協會,0,0,1,0
社團法人屏東縣盲人福利協進會,0,0,1,0
社團法人屏東縣牡丹鄉高士社區發展協會,0,0,1,0
社團法人屏東縣啟智協進會,0,0,1,0
社團法人屏東縣社會工作者協會,0,0,1,0
社團法人屏東縣腎友關懷協會,0,0,1,0
社團法人屏東縣聲暉聽障協進會,0,0,1,0
社團法人屏東縣失智症服務協會,0,0,1,0
社團法人屏東縣向陽康復之友協會,0,0,1,0
社團法人普濟門慈善會,0,0,1,0
社團法人台北生命勵關懷協會,0,0,1,0
社團法人台北市基督教活水江河全人關懷協會,0,0,1,0
社團法人台北市基督教教會聯合會,0,0,1,0
社團法人台北市家庭照顧者關懷協會,0,0,1,0
社團法人台北市盲人福利協進會,0,0,1,0
社團法人台北市日日春關懷互助協會,0,0,1,0
社團法人台北市身心障礙游泳協會,0,0,1,0
社團法人台北市身心障礙者關愛協會,0,0,1,0
社團法人台北市生命線協會,0,0,1,0
社團法人台北市晚晴婦女協會,0,0,1,0
社團法人台北市心理復健家屬聯合協會,0,0,1,0
社團法人台北市新活力自立生活協會,0,0,1,0
社團法人台北市行無礙資源推廣協會,0,0,1,0
社團法人台北市原住民關懷協會,0,0,1,0
社團法人台北縣弱勢彩券協會,0,0,1,0
社團法人台東縣生命線協會,0,0,1,0
社團法人台東縣原住民嘎屋啦瀚文教發展協會,0,0,1,0
社團法人台東縣原住民族全人發展關懷協會,0,0,1,0
社團法人台東縣肢體障礙協會,0,0,1,0
社團法人台南市復健青年勵進會,0,0,1,0
社團法人台南市火炬殘障勵進會,0,0,1,0
社團法人台南市脊髓損傷關懷協會,0,0,1,0
社團法人台南市脊髓損傷者協會,0,0,1,0
社團法人台南市佳里區漳洲社區發展協會,0,0,1,0
社團法人台南市聾啞福利協進會,0,0,1,0
社團法人台南市熱蘭遮失智症協會,0,0,1,0
社團法人台南市身心障礙者福利協進會,0,0,1,0
社團法人台南市聲暉協進會,0,0,1,0
社團法人台南市聽障體育運動協會,0,0,1,0
社團法人台南市新希望家庭救助協會,0,0,1,0
社團法人台南市亞杜蘭全人關懷協會,0,0,1,0
社團法人台南市陽光‧真愛青少年關懷協會,0,0,1,0
社團法人台南市憂鬱症關懷協會,0,0,1,0
社團法人台南市佑明視障協進會,0,0,1,0
社團法人台南市智障者福利家長協進會,0,0,1,0
社團法人台南縣心智障礙者關顧協進會承辦台南縣南區嬰幼兒發展中心,0,0,1,0
社團法人台南縣佑明視障協進會,0,0,1,0
社團法人台灣愛滋被單協會,0,0,1,0
社團法人台灣寶島行善義工團,0,0,1,0
社團法人台灣當代漂泊協會,0,0,1,0
社團法人台灣東南亞姊妹會,0,0,1,0
社團法人台灣多重障礙兒童暨家長關懷協會,0,0,1,0
社團法人台灣風信子精神障礙者權益促進協會,0,0,1,0
社團法人台灣公益團體自律聯盟,0,0,1,0
社團法人台灣關懷地中海型貧血協會,0,0,1,0
社團法人台灣國際勞工協會,0,0,1,0
社團法人台灣居家服務策略聯盟,0,0,1,0
社團法人台灣勞工權益關懷協會,0,0,1,0
社團法人台灣社會心理復健協會,0,0,1,0
社團法人台灣社區關懷協會,0,0,1,0
社團法人台灣世界快樂聯盟,0,0,1,0
社團法人台灣仕馨服務協會,0,0,1,0
社團法人台灣髓緣之友協會,0,0,1,0
社團法人台灣五府千歲慈善展望會,0,0,1,0
社團法人台灣血友病浮木濟世會,0,0,1,0
社團法人台灣陽光婦女協會,0,0,1,0
社團法人台灣誼光協會,0,0,1,0
社團法人台中市城市之光關懷協會,0,0,1,0
社團法人台中市婦幼關懷成長協會,0,0,1,0
社團法人台中市觀護協會,0,0,1,0
社團法人台中市基督徒平安會,0,0,1,0
社團法人台中市啟明重建福利協會,0,0,1,0
社團法人台中市啟智協進會,0,0,1,0
社團法人台中市山海屯脊髓損傷協會,0,0,1,0
社團法人台中市社會關懷服務協會,0,0,1,0
社團法人台中市社區融合支持協會,0,0,1,0
社團法人台中市身心障礙者體育會,0,0,1,0
社團法人台中市聲暉協進會,0,0,1,0
社團法人台中市優力卡社區服務協會,0,0,1,0
社團法人台中市圓愛全人關懷協會,0,0,1,0
社團法人台中縣殘障福利協進會,0,0,1,0
社團法人台中縣春天女性成長協會,0,0,1,0
社團法人台中縣蓮心自強服務協會,0,0,1,0
社團法人台中縣親子閱讀協會,0,0,1,0
社團法人台中縣聽障生活障礙發展協會,0,0,1,0
社團法人臺北市雙胞胎協會,0,0,1,0
社團法人臺北縣板橋市親子服務協會,0,0,1,0
社團法人臺北縣鶯歌鎮青少年教育關懷協會,0,0,1,0
社團法人臺北縣志願服務協會,0,0,1,0
社團法人臺東縣智障者家長協會,0,0,1,0
社團法人臺東縣自閉症協進會,0,0,1,0
社團法人臺南市佳田社區關懷協會,0,0,1,0
社團法人臺南市南區國宅社區發展協會,0,0,1,0
社團法人臺南市新營區民榮社區發展協會,0,0,1,0
社團法人臺灣公共衛生促進協會,0,0,1,0
社團法人臺灣酒駕防制社會關懷協會,0,0,1,0
社團法人臺中市和平區健康促進推廣協會,0,0,1,0
社團法人臺中市山海屯國際生命線協會,0,0,1,0
社團法人臺中市線上家教促進協會,0,0,1,0
社團法人桃園市自閉症協進會,0,0,1,0
社團法人桃園縣脊髓損傷者協會,0,0,1,0
社團法人桃園縣康復之友協會,0,0,1,0
社團法人桃園縣聾啞福利協進會,0,0,1,0
社團法人桃園縣失智症關懷協會,0,0,1,0
社團法人新北市國際生命線協會,0,0,1,0
社團法人新北市脊髓損傷者協會,0,0,1,0
社團法人新北市康復之友協會,0,0,1,0
社團法人新竹市脊髓損傷者協會,0,0,1,0
社團法人新竹市生命線協會,0,0,1,0
社團法人新竹縣康復之友協會,0,0,1,0
社團法人新竹縣生命線協會,0,0,1,0
社團法人宜蘭縣冬山鄉珍珠社區發展協會,0,0,1,0
社團法人宜蘭縣婦幼協會,0,0,1,0
社團法人宜蘭縣脊髓損傷者協會,0,0,1,0
社團法人宜蘭縣盲人福利協進會,0,0,1,0
社團法人宜蘭縣社區照顧促進會,0,0,1,0
社團法人宜蘭縣聽障者聲暉協會,0,0,1,0
社團法人宜蘭縣學習障礙者發展協會,0,0,1,0
社團法人宜蘭縣自閉症者福利協進會,0,0,1,0
社團法人雲林縣百里香兒童青少年關懷協會,0,0,1,0
社團法人雲林縣耕心家庭協會,0,0,1,0
社團法人雲林縣脊髓損傷者協會,0,0,1,0
社團法人雲林縣康復之友協會,0,0,1,0
社團法人雲林縣勞工福利保護協會,0,0,1,0
社團法人雲林縣啟智協會,0,0,1,0
社團法人雲林縣身心障礙者重建協會,0,0,1,0
社團法人雲林縣生命線協會,0,0,1,0
社團法人雲林縣照顧服務發展協會,0,0,1,0
社團法人彰化縣愛家社會福利協會,0,0,1,0
社團法人彰化縣愛鄰社會福利協會,0,0,1,0
社團法人彰化縣福興鄉西勢社區發展協會,0,0,1,0
社團法人彰化縣家樂福人文生活關懷協進會,0,0,1,0
社團法人彰化縣居家關懷服務協會,0,0,1,0
社團法人彰化縣啟智協進會,0,0,1,0
社團法人彰化縣生命線協會,0,0,1,0
社團法人彰化縣聲暉協進會,0,0,1,0
社團法人彰化縣視障者關懷協會,0,0,1,0
社團法人彰化縣秀水鄉埔崙社區發展協會,0,0,1,0
社團法人彰化縣員林螢光慈善會,0,0,1,0
社團法人彰化縣彰暉愛心慈善會,0,0,1,0
社團法人彰化縣正向行為支持協會,0,0,1,0
社團法人彰化縣肢體傷殘協進會,0,0,1,0
社團法人真善美協會,0,0,1,0
社團法人中華玻璃娃娃社會關懷協會,0,0,1,0
社團法人中華佛教普賢護法會,0,0,1,0
社團法人中華婦幼發展協會,0,0,1,0
社團法人中華基督教福音協進會,0,0,1,0
社團法人中華基督教以琳關懷協會,0,0,1,0
社團法人中華家庭暨社區展望協會,0,0,1,0
社團法人中華樂輔關懷教育協會,0,0,1,0
社團法人中華民國愛加倍社會福利關懷協會,0,0,1,0
社團法人中華民國殘障人協會,0,0,1,0
社團法人中華民國防癌協會,0,0,1,0
社團法人中華民國輔助科技促進職業重建協會,0,0,1,0
社團法人中華民國婦女福利暨就業協會,0,0,1,0
社團法人中華民國工作傷害受害人協會,0,0,1,0
社團法人中華民國紅十字會台灣省台中市支會,0,0,1,0
社團法人中華民國脊髓損傷者聯合會,0,0,1,0
社團法人中華民國家庭關係發展協進會,0,0,1,0
社團法人中華民國康復之友聯盟,0,0,1,0
社團法人中華民國聾人協會,0,0,1,0
社團法人中華民國聾啞資源協會,0,0,1,0
社團法人中華民國牧愛生命協會,0,0,1,0
社團法人中華民國群園關懷協會,0,0,1,0
社團法人中華民國身心障礙聯盟,0,0,1,0
社團法人中華民國台灣懷愛協會,0,0,1,0
社團法人中華民國我為人人實踐推廣協會,0,0,1,0
社團法人中華民國小胖威利病友關懷協會,0,0,1,0
社團法人中華民國星橋愛心服務協會,0,0,1,0
社團法人中華民國學習障礙協會,0,0,1,0
社團法人中華民國智障者家長總會辦理名間鄉第一生活重建服務中心活重建中心,0,0,1,0
社團法人中華民國智障者體育運動協會,0,0,1,0
社團法人中華民國自主學習促進會,0,0,1,0
社團法人中華生命勵關懷協會,0,0,1,0
社團法人中華佑明視障協進會,0,0,1,0
台北市彩虹全人關懷發展協會,0,0,1,0
台北市單親家庭服務中心,0,0,1,0
台北市第一兒童發展中心,0,0,1,0
台北市瞽者福利協進會,0,0,1,0
台北市弘愛服務中心,0,0,1,0
台北市基督教美門協會,0,0,1,0
台北市康復之友協會社區復健中心,0,0,1,0
台北市蘭心家園,0,0,1,0
台北市龍山婦女服務中心,0,0,1,0
台北市龍山老人服務中心,0,0,1,0
台北市龍山啟能中心,0,0,1,0
台北市私立心路兒童發展中心,0,0,1,0
台北市松德第二團體家庭(公設民營),0,0,1,0
台北市萬芳發展中心,0,0,1,0
台北市希望家園,0,0,1,0
台北市信義老人服務中心,0,0,1,0
台北市一壽重殘照顧中心,0,0,1,0
台北市永明發展中心,0,0,1,0
台北市政府社會局委託天主教耕莘醫院辦理台北市至善老人安養護中心,0,0,1,0
台北市智障者家長協會,0,0,1,0
台北縣愛兒兒童發展中心,0,0,1,0
台北縣愛智發展中心,0,0,1,0
台北縣慈芳庇護工場,0,0,1,0
台北縣慈佑庇護工場,0,0,1,0
台北縣友好潛能發展中心,0,0,1,0
台北縣政府委託財團法人屏東勝利之家辦理台北縣慈育庇護工場,0,0,1,0
台北縣政府委託財團法人天主教耕莘醫院辦理台北縣愛德養護中心,0,0,1,0
台北縣政府委託財團法人天主教光仁社會福利基金會辦理聖心兒童發展中心,0,0,1,0
台北縣政府委託財團法人中華啟能基金會辦理三峽潛能發展中心,0,0,1,0
台北縣政府委託屏東基督教勝利之家辦理台北縣慈泰庇護工場,0,0,1,0
台東縣家庭照顧者關懷協會,0,0,1,0
台東縣鹿野鄉社區健康促進協會,0,0,1,0
台東縣原住民社會福利促進協會,0,0,1,0
台東縣志願服務協會,0,0,1,0
台南市婦女福利服務中心,0,0,1,0
台南市基督教疼厝邊全人發展關顧協會,0,0,1,0
台南市女性權益促進會,0,0,1,0
台南市生命線協會,0,0,1,0
台南市自閉症協進會,0,0,1,0
台灣八八水災小林村重建發展協會,0,0,1,0
台灣國際身心障礙游泳協會,0,0,1,0
台灣基督教好牧人全人關顧協會,0,0,1,0
台灣基督長老教會承辦高雄縣身心障礙福利服務中心,0,0,1,0
台灣脊髓肌肉萎縮症病友協會,0,0,1,0
台灣女人連線,0,0,1,0
台灣社會福利總盟,0,0,1,0
台灣社區互助照顧行動協會,0,0,1,0
台灣身心障礙福利商品推廣聯盟,0,0,1,0
台灣省社會發展研究學會,0,0,1,0
台灣刑事法學會,0,0,1,0
台灣揚帆協會,0,0,1,0
台灣預防醫學學會,0,0,1,0
台中市北區居家服務支援中心,0,0,1,0
台中市家庭照顧者關懷協會,0,0,1,0
台中市沐風關懷協會,0,0,1,0
台中市磐頂社區關懷協會,0,0,1,0
台中市搜救暨保護協會,0,0,1,0
台中市霧峰區舊正社區發展協會,0,0,1,0
台中市原住民婦女會,0,0,1,0
台中縣石岡鄉社區文化發展協會,0,0,1,0
臺北市佛教觀音線協會,0,0,1,0
臺北市氣球藝術教育學會,0,0,1,0
臺北市三玉啟能中心,0,0,1,0
臺北縣板橋市動態閱讀協會,0,0,1,0
臺東縣耕心者關懷協會,0,0,1,0
臺南市心智障礙關顧協會,0,0,1,0
臺灣雷特氏症病友關懷協會,0,0,1,0
臺灣社會工作專業人員協會,0,0,1,0
臺灣原住民教育經濟發展協會,0,0,1,0
臺中市美麗境界關懷之友協會,0,0,1,0
臺中市山海屯康復之友協會,0,0,1,0
臺中市視障者關懷協會,0,0,1,0
臺中市新生命戒癮成長協會,0,0,1,0
桃園市腦性麻痺協會,0,0,1,0
桃園縣生命線協會,0,0,1,0
心路社會福利基金會南區服務處,0,0,1,0
新竹市慈牧全人關懷協會,0,0,1,0
新竹市聲暉協會,0,0,1,0
伊甸基金會附設台北市私立八德服務中心,0,0,1,0
伊甸基金會高雄市事務所辦理鳳山區兒童早期療育發展中心,0,0,1,0
伊甸社會福利基金會附設南投服務中心,0,0,1,0
宜蘭縣礁溪鄉時潮社區發展協會,0,0,1,0
宜蘭縣南澳鄉公所,0,0,1,0
宜蘭縣社會福利館老人日間照顧中心,0,0,1,0
宜蘭縣政府委託伊甸社會福利基金會辦理老人日間照顧中心,0,0,1,0
雲林縣兒童少年福利保護協會,0,0,1,0
彰化縣埔鹽鄉廍子社區發展協會,0,0,1,0
彰化縣基督教青少年福利促進協會,0,0,1,0
彰化縣秀水鄉鶴鳴社區發展協會,0,0,1,0
彰化縣志願服務協會,0,0,1,0
中和兒童發展中心,0,0,1,0
中華飛揚關懷協會,0,0,1,0
中華基督教救助協會辦理南投縣竹山鎮第二生活重建中心,0,0,1,0
中華民國癌症希望協會,0,0,1,0
中華民國白浪青少年發展協會,0,0,1,0
中華民國傳愛社會福利暨服務協會辦理南投縣水里鄉生活重建服務中心,0,0,1,0
中華民國兒童福利聯盟文教基金會-南區辦事處,0,0,1,0
中華民國關愛社會福利協會,0,0,1,0
中華民國關懷腦瘤兒童協會,0,0,1,0
中華民國弘道志工協會,0,0,1,0
中華民國弘道志工協會(南部服務處),0,0,1,0
中華民國紅十字會台灣省嘉義縣支會,0,0,1,0
中華民國紅十字會台灣省台中縣支會,0,0,1,0
中華民國僵直性脊椎炎關懷協會,0,0,1,0
中華民國老人福利機構協會,0,0,1,0
中華民國劉俠（杏林子）之友會,0,0,1,0
中華民國啟聰協會,0,0,1,0
中華民國啟智協會,0,0,1,0
中華民國思樂醫之友協會,0,0,1,0
中華民國先天及代謝疾病關懷之友協會,0,0,1,0
中華民國心智障礙者體育運動總會,0,0,1,0
中華民國運動神經元疾病病友協會,0,0,1,0
中華民國障礙科技發展協會,0,0,1,0
中華平安服務協會,0,0,1,0
中華啟能基金會,0,0,1,0
中華啟智工作人員協會,0,0,1,0
財團法人創世社會福利基金會,0,0,0,1
財團法人東元科技文教基金會,0,0,0,1
財團法人公共電視文化事業基金會,0,0,0,1
財團法人海棠文教基金會,0,0,0,1
財團法人鴻佳啟能庇護中心,0,0,0,1
財團法人惠光導盲犬教育基金會,0,0,0,1
財團法人基督教聖道兒少福利基金會,0,0,0,1
財團法人建弘文教基金會,0,0,0,1
財團法人鉅明文教基金會,0,0,0,1
財團法人十方啟智文教基金會,0,0,0,1
財團法人私立西田社布袋戲基金會,0,0,0,1
財團法人台北市蘋果日報社會福利慈善基金會,0,0,0,1
財團法人台北市私立勝利身心障礙潛能發展中心,0,0,0,1
財團法人台北市喜樂家族社會福利基金會,0,0,0,1
財團法人台南市樂扶社會福利慈善事業基金會,0,0,0,1
財團法人台南市私立朝興社會福利慈善事業基金會,0,0,0,1
財團法人台灣早產兒基金會,0,0,0,1
財團法人臺北市基督徒救世會社會福利事業基金會,0,0,0,1
財團法人臺北市私立愛愛院,0,0,0,1
財團法人臺北市志玲姊姊慈善基金會,0,0,0,1
財團法人臺灣基督教門諾會附設花蓮縣私立善牧中心,0,0,0,1
財團法人桃園縣私立安康啟智教養院,0,0,0,1
財團法人亞太心理腫瘤學交流基金會,0,0,0,1
財團法人仰山文教基金會,0,0,0,1
財團法人兆豐慈善基金會,0,0,0,1
財團法人紙風車文教基金會,0,0,0,1
財團法人中國國際商業銀行文教基金會,0,0,0,1
財團法人中華民國(台灣)安寧照顧基金會,0,0,0,1
財團法人中華文化社會福利事業基金會,0,0,0,1
財團法人主婦聯盟環境保護基金會,0,0,0,1
屏基醫療財團法人屏東基督教醫院,0,0,0,1
社團法人台北市希望社會服務協會,0,0,0,1
社團法人台北市自閉症家長協會,0,0,0,1
社團法人台灣彩虹愛家生命教育協會,0,0,0,1
社團法人台灣非營利事業經營管理協會,0,0,0,1
社團法人台灣婦女團體全國聯合會,0,0,0,1
社團法人台灣原聲教育協會,0,0,0,1
社團法人台灣展翅協會,0,0,0,1
社團法人台灣走出埃及輔導協會,0,0,0,1
社團法人桃園佛教無意捨協會,0,0,0,1
社團法人桃園縣愛與祥和公益聯盟總會,0,0,0,1
社團法人桃園縣蘆竹鄉實踐禪心協會,0,0,0,1
社團法人中華基督教救助協會,0,0,0,1
社團法人中華民國保護動物協會,0,0,0,1
社團法人中華民國寵物友善協會,0,0,0,1
社團法人中華民國老人福利推動聯盟,0,0,0,1
社團法人中華民國腦性麻痺協會,0,0,0,1
社團法人中華民國身心障礙聯盟(原殘障聯盟),0,0,0,1
社團法人中華民國身心障礙者藝文推廣協會,0,0,0,1
社團法人中華民國運動神經元疾病病友協會,0,0,0,1
社團法人中華民國智障者家長總會,0,0,0,1
社團法人中華民國自閉症總會,0,0,0,1
社團法人中華社會福利聯合勸募協會,0,0,0,1
社團法人中華組織發展協會,0,0,0,1
台灣室內樂藝術推廣協會,0,0,0,1
中華民國台灣羅夏莎愛心公益會,0,0,0,1
